,CustomerID,ProdTaken,Age,CompanyInvited,CityTier,DurationOfPitch,Occupation,GenderMale,NumberOfFollowups,PreferredPropertyStar,MaritalStatus,HasPassport,PitchSatisfactionScore,Designation,MonthlyIncome
0,204365,0,43.0,0,1,31.0,Small Business,1,4.0,5.0,Married,1,1,Senior Manager,26084.0
1,204285,0,30.0,0,1,30.0,Others,1,4.0,3.0,Unmarried,0,3,Executive,20879.0
2,203404,0,42.0,1,3,7.0,Small Business,0,4.0,5.0,Married,0,3,Manager,22781.0
3,203982,0,36.0,1,1,7.0,Small Business,1,4.0,5.0,Married,0,1,Executive,20872.0
4,203430,0,40.0,0,3,28.0,Others,1,5.0,3.0,Divorced,1,1,Manager,24798.0
5,200114,0,34.0,0,1,,Others,0,4.0,4.0,Married,0,3,Manager,19505.0
6,201201,1,,0,1,14.0,Small Business,1,4.0,3.0,Unmarried,1,4,Executive,
7,202453,0,37.0,0,1,34.0,Small Business,1,4.0,3.0,Divorced,0,3,Manager,23915.0
8,200064,0,36.0,0,1,14.0,Large Business,0,3.0,3.0,Married,0,4,Senior Manager,25096.0
9,202149,0,31.0,1,3,26.0,Small Business,0,3.0,3.0,Married,0,1,Manager,21932.0
10,204769,0,38.0,0,1,8.0,Others,0,5.0,3.0,Married,0,1,Manager,25152.0
11,204846,1,30.0,1,1,9.0,Small Business,1,5.0,5.0,Unmarried,0,4,Executive,22017.0
12,203234,0,34.0,0,1,12.0,Others,1,5.0,3.0,Married,0,3,Senior Manager,25797.0
13,200445,0,55.0,0,3,24.0,Others,0,3.0,4.0,Unmarried,0,2,AVP,31835.0
14,200952,1,31.0,1,3,6.0,Others,0,3.0,4.0,Unmarried,1,5,Executive,17302.0
15,201304,0,40.0,0,1,,Others,0,3.0,5.0,Married,0,1,Manager,
16,204358,0,49.0,0,3,9.0,Small Business,0,4.0,3.0,Married,0,5,Manager,22729.0
17,200640,0,24.0,1,1,10.0,Others,1,4.0,3.0,Divorced,0,3,Executive,18162.0
18,201068,1,28.0,1,1,8.0,Small Business,1,4.0,5.0,Unmarried,0,4,Executive,17561.0
19,200916,0,46.0,0,3,10.0,Small Business,0,4.0,4.0,Divorced,0,5,VP,33789.0
20,202966,0,38.0,0,1,17.0,Others,1,3.0,3.0,Unmarried,0,4,Executive,23358.0
21,202434,1,34.0,0,1,16.0,Small Business,1,3.0,5.0,Unmarried,0,4,Manager,21125.0
22,204452,0,42.0,0,2,7.0,Others,1,5.0,3.0,Married,0,1,VP,37867.0
23,200510,0,54.0,0,2,25.0,Small Business,1,3.0,4.0,Divorced,0,3,Senior Manager,25725.0
24,201680,1,32.0,0,3,10.0,Small Business,1,5.0,3.0,Married,0,1,Senior Manager,25400.0
25,200389,0,,0,1,16.0,Others,1,3.0,4.0,Unmarried,1,5,Manager,
26,203919,0,33.0,1,1,9.0,Others,1,4.0,3.0,Unmarried,0,3,Executive,21746.0
27,201898,0,47.0,0,1,8.0,Small Business,0,3.0,3.0,Married,0,1,Manager,20070.0
28,202202,1,30.0,1,1,11.0,Small Business,0,3.0,4.0,Unmarried,0,3,Executive,17422.0
29,203749,0,55.0,0,1,14.0,Small Business,0,4.0,3.0,Married,0,3,Manager,25532.0
30,201061,0,24.0,1,3,19.0,Others,0,3.0,4.0,Divorced,0,1,Executive,17033.0
31,202032,1,33.0,0,1,6.0,Others,1,3.0,3.0,Unmarried,1,3,Executive,17686.0
32,201452,1,50.0,1,3,6.0,Others,1,3.0,3.0,Married,0,3,Manager,21728.0
33,204624,0,34.0,1,3,24.0,Others,1,4.0,3.0,Unmarried,0,3,AVP,36122.0
34,203254,0,47.0,0,3,10.0,Small Business,1,4.0,3.0,Divorced,0,2,AVP,36143.0
35,200615,0,27.0,1,1,9.0,Small Business,1,3.0,3.0,Divorced,0,2,Executive,16706.0
36,203712,0,54.0,1,1,7.0,Small Business,0,5.0,3.0,Married,1,1,AVP,31643.0
37,200013,0,34.0,0,1,25.0,Small Business,1,3.0,3.0,Married,0,3,Executive,17661.0
38,202394,1,,1,1,8.0,Others,0,4.0,5.0,Unmarried,1,3,Executive,18506.0
39,203719,0,52.0,0,1,10.0,Large Business,0,4.0,3.0,Married,0,4,Senior Manager,31794.0
40,203936,0,35.0,0,1,14.0,Others,0,4.0,4.0,Unmarried,0,5,Senior Manager,30672.0
41,204316,0,31.0,0,3,19.0,Large Business,0,4.0,3.0,Unmarried,0,1,Manager,25255.0
42,200047,0,37.0,0,1,25.0,Others,1,3.0,4.0,Divorced,0,4,Executive,18022.0
43,203025,0,31.0,0,1,7.0,Others,1,6.0,3.0,Divorced,0,4,Executive,22511.0
44,203438,0,53.0,1,1,35.0,Small Business,0,2.0,3.0,Divorced,1,4,AVP,31925.0
45,204231,1,53.0,0,1,15.0,Small Business,1,5.0,4.0,Married,0,1,Manager,23619.0
46,200846,0,35.0,0,1,8.0,Others,1,4.0,4.0,Married,0,4,Senior Manager,25274.0
47,203736,0,40.0,1,3,27.0,Others,1,4.0,3.0,Married,0,3,Manager,22805.0
48,203539,0,34.0,0,1,35.0,Others,1,4.0,3.0,Married,1,1,Manager,23885.0
49,203290,0,36.0,0,1,9.0,Others,1,5.0,4.0,Married,0,4,Senior Manager,28952.0
50,202429,1,40.0,0,3,,Small Business,1,3.0,4.0,Unmarried,0,5,Executive,19661.0
51,203710,0,42.0,0,1,16.0,Others,1,4.0,5.0,Married,0,5,Executive,20967.0
52,203385,0,31.0,0,1,13.0,Large Business,0,5.0,3.0,Divorced,0,4,Manager,23305.0
53,200028,0,44.0,0,1,13.0,Small Business,0,4.0,3.0,Divorced,0,4,Senior Manager,25248.0
54,202140,0,27.0,0,1,10.0,Others,0,3.0,3.0,Unmarried,0,1,Executive,17318.0
55,204654,0,36.0,0,1,17.0,Others,1,4.0,3.0,Married,0,5,Executive,22595.0
56,201124,0,39.0,0,3,12.0,Small Business,1,1.0,3.0,Married,0,4,Senior Manager,23237.0
57,202717,0,38.0,0,3,13.0,Small Business,1,4.0,3.0,Divorced,0,3,Manager,25180.0
58,201523,0,35.0,1,1,17.0,Small Business,1,4.0,5.0,Married,1,5,Senior Manager,24884.0
59,203448,0,27.0,0,1,14.0,Others,1,2.0,5.0,Unmarried,0,1,Executive,22256.0
60,204538,0,54.0,0,3,14.0,Small Business,0,5.0,3.0,Married,1,1,Senior Manager,29612.0
61,201265,0,33.0,1,1,10.0,Large Business,1,3.0,4.0,Married,0,1,Manager,18055.0
62,202658,1,31.0,0,1,10.0,Large Business,0,4.0,5.0,Unmarried,1,4,Executive,21335.0
63,202240,0,46.0,0,1,6.0,Small Business,1,3.0,3.0,Married,0,5,VP,34627.0
64,202934,0,39.0,0,1,7.0,Others,0,4.0,5.0,Unmarried,0,2,Executive,21297.0
65,203657,1,24.0,0,3,14.0,Others,1,4.0,3.0,Married,1,1,Executive,20953.0
66,204382,0,53.0,0,1,13.0,Large Business,1,4.0,5.0,Married,1,4,Manager,24255.0
67,200355,0,26.0,0,3,6.0,Others,1,3.0,3.0,Divorced,0,5,Manager,20296.0
68,202109,0,,0,1,6.0,Large Business,0,3.0,5.0,Married,0,4,Executive,18580.0
69,200070,0,59.0,1,3,6.0,Others,0,4.0,3.0,Unmarried,0,5,Manager,20473.0
70,202976,0,48.0,0,3,21.0,Small Business,1,4.0,5.0,Unmarried,0,2,Manager,23638.0
71,204497,0,35.0,0,3,15.0,Others,0,4.0,5.0,Married,0,1,Manager,25178.0
72,203706,1,44.0,1,1,24.0,Large Business,1,5.0,3.0,Married,1,5,Executive,21115.0
73,202787,0,30.0,0,3,17.0,Small Business,0,5.0,4.0,Married,1,5,Manager,26946.0
74,204140,0,38.0,1,3,11.0,Small Business,1,4.0,3.0,Married,0,4,Executive,21471.0
75,200522,0,37.0,0,1,,Others,1,2.0,3.0,Unmarried,0,4,Executive,19680.0
76,200097,0,,1,3,10.0,Small Business,1,3.0,3.0,Divorced,0,2,Manager,
77,204480,1,48.0,1,3,34.0,Others,0,2.0,3.0,Unmarried,1,4,Manager,25075.0
78,203810,0,40.0,1,3,28.0,Others,0,6.0,3.0,Married,0,5,Manager,24414.0
79,201702,0,59.0,0,2,12.0,Small Business,1,3.0,3.0,Married,0,4,Executive,17267.0
80,201801,0,27.0,1,3,6.0,Small Business,1,3.0,4.0,Married,1,1,Manager,21349.0
81,200915,1,21.0,1,1,16.0,Others,0,4.0,3.0,Unmarried,0,4,Executive,17625.0
82,202182,0,,0,1,19.0,Others,0,3.0,3.0,Unmarried,0,3,Executive,18452.0
83,201795,0,31.0,1,1,13.0,Others,0,4.0,3.0,Married,0,1,Senior Manager,23943.0
84,203998,0,35.0,0,1,7.0,Small Business,1,4.0,4.0,Married,0,5,Manager,23003.0
85,203732,0,36.0,1,1,9.0,Small Business,1,4.0,3.0,Married,0,3,Manager,24440.0
86,203142,0,36.0,0,3,25.0,Small Business,0,4.0,3.0,Divorced,0,4,Manager,23279.0
87,201759,0,28.0,0,1,14.0,Others,0,3.0,3.0,Unmarried,0,4,Executive,18310.0
88,200476,0,24.0,0,1,23.0,Others,1,4.0,4.0,Divorced,0,3,Executive,17127.0
89,203049,0,39.0,1,1,19.0,Others,1,5.0,5.0,Married,0,5,Manager,24966.0
90,203447,0,26.0,0,1,7.0,Large Business,1,4.0,3.0,Divorced,0,5,Executive,21907.0
91,200734,0,22.0,0,1,14.0,Others,1,5.0,5.0,Divorced,0,2,Executive,17451.0
92,204010,0,25.0,0,3,10.0,Others,0,4.0,3.0,Married,0,4,Manager,23677.0
93,202603,0,35.0,1,3,9.0,Small Business,0,4.0,3.0,Divorced,0,5,Executive,20909.0
94,201573,0,34.0,0,1,,Others,0,3.0,3.0,Unmarried,0,3,Manager,19809.0
95,203033,1,30.0,0,1,7.0,Others,0,5.0,5.0,Divorced,1,2,Executive,20997.0
96,203862,0,39.0,1,1,13.0,Others,1,5.0,3.0,Married,0,4,Manager,23999.0
97,202065,1,58.0,0,1,8.0,Others,1,3.0,4.0,Unmarried,1,3,VP,34246.0
98,202142,0,42.0,0,3,20.0,Small Business,0,4.0,3.0,Unmarried,0,3,Manager,21244.0
99,201043,0,53.0,0,1,8.0,Small Business,1,1.0,4.0,Unmarried,0,1,AVP,31598.0
100,202827,0,23.0,0,1,18.0,Small Business,0,4.0,4.0,Divorced,0,2,Executive,20922.0
101,204374,0,27.0,0,3,36.0,Small Business,1,4.0,3.0,Married,0,5,Manager,22984.0
102,203101,0,30.0,0,1,14.0,Small Business,0,5.0,3.0,Married,0,5,Executive,21210.0
103,200947,1,52.0,0,3,11.0,Others,1,3.0,4.0,Unmarried,1,4,Senior Manager,23446.0
104,201828,0,36.0,1,3,6.0,Small Business,0,3.0,3.0,Unmarried,0,1,Manager,21653.0
105,200684,0,40.0,0,3,16.0,Small Business,1,4.0,4.0,Married,0,4,Senior Manager,24705.0
106,203046,0,31.0,0,1,9.0,Small Business,0,5.0,3.0,Unmarried,1,2,Manager,25555.0
107,202937,0,45.0,0,2,7.0,Others,0,5.0,3.0,Unmarried,0,5,Manager,24663.0
108,201547,0,45.0,0,1,12.0,Others,1,3.0,5.0,Married,1,3,Senior Manager,28245.0
109,201661,0,27.0,0,1,15.0,Small Business,0,3.0,4.0,Unmarried,0,3,Executive,17279.0
110,203794,0,28.0,0,3,9.0,Small Business,0,2.0,3.0,Unmarried,0,1,Manager,25178.0
111,200677,0,49.0,0,1,14.0,Others,0,3.0,4.0,Divorced,0,4,Senior Manager,22403.0
112,204248,0,46.0,0,1,15.0,Others,1,4.0,3.0,Married,0,3,Manager,22375.0
113,200211,0,30.0,1,1,6.0,Others,1,4.0,3.0,Unmarried,0,5,Senior Manager,23474.0
114,202979,0,42.0,0,2,17.0,Others,1,5.0,3.0,Married,0,2,VP,37819.0
115,204186,0,29.0,0,1,16.0,Small Business,1,4.0,3.0,Married,0,1,Executive,20748.0
116,200858,0,53.0,0,1,13.0,Small Business,0,3.0,3.0,Married,0,2,VP,33606.0
117,204660,0,42.0,1,1,14.0,Others,0,6.0,,Married,0,4,VP,38651.0
118,202437,1,40.0,0,2,24.0,Others,1,1.0,5.0,Married,0,1,Executive,17387.0
119,201501,0,44.0,0,1,16.0,Others,1,3.0,3.0,Married,1,3,Manager,21465.0
120,201296,0,30.0,0,1,16.0,Small Business,0,3.0,3.0,Unmarried,0,4,Senior Manager,24667.0
121,201041,0,28.0,0,3,11.0,Small Business,1,3.0,5.0,Unmarried,0,1,Manager,23463.0
122,203216,0,57.0,1,1,16.0,Small Business,0,4.0,3.0,Divorced,0,2,Executive,21620.0
123,201069,0,28.0,0,1,6.0,Others,1,4.0,3.0,Married,0,4,Executive,16563.0
124,201905,1,33.0,0,1,21.0,Small Business,1,3.0,3.0,Married,1,5,Senior Manager,28610.0
125,202436,1,58.0,0,1,27.0,Small Business,0,3.0,4.0,Married,0,3,Manager,25008.0
126,201485,0,29.0,0,1,27.0,Others,0,1.0,5.0,Married,0,5,Senior Manager,24980.0
127,200071,0,29.0,0,1,8.0,Others,1,3.0,4.0,Divorced,0,4,Executive,17703.0
128,203767,0,29.0,1,2,7.0,Others,1,4.0,3.0,Married,0,4,Executive,21384.0
129,201204,1,48.0,1,3,13.0,Small Business,0,3.0,3.0,Married,1,4,Executive,17655.0
130,204761,0,35.0,1,1,8.0,Small Business,1,5.0,5.0,Unmarried,0,1,Manager,24021.0
131,200595,1,58.0,0,1,8.0,Others,1,3.0,4.0,Unmarried,1,3,VP,34246.0
132,204467,0,41.0,0,1,9.0,Small Business,0,5.0,3.0,Unmarried,1,3,Executive,21020.0
133,200347,0,47.0,1,3,10.0,Small Business,1,3.0,3.0,Unmarried,0,4,Manager,17976.0
134,203373,0,29.0,1,1,9.0,Others,1,5.0,3.0,Divorced,1,4,Executive,22545.0
135,202455,0,30.0,0,1,22.0,Others,0,5.0,3.0,Unmarried,1,3,Manager,22871.0
136,204325,0,61.0,0,1,14.0,Others,0,4.0,5.0,Married,0,5,VP,38244.0
137,202430,1,,0,1,14.0,Small Business,0,3.0,5.0,Married,1,3,Executive,
138,203141,0,30.0,1,3,27.0,Large Business,0,4.0,3.0,Divorced,0,3,Executive,20835.0
139,203123,0,32.0,1,3,27.0,Small Business,0,4.0,3.0,Divorced,0,2,Manager,25610.0
140,201132,0,40.0,0,3,,Others,0,3.0,5.0,Married,0,3,Manager,19639.0
141,200484,0,31.0,0,3,12.0,Small Business,1,2.0,3.0,Married,0,5,Manager,20460.0
142,200900,0,,1,1,9.0,Large Business,1,3.0,4.0,Divorced,0,3,Executive,18692.0
143,204527,0,35.0,0,2,10.0,Others,1,4.0,3.0,Married,0,1,Executive,22415.0
144,200283,0,55.0,0,1,26.0,Large Business,1,3.0,3.0,Divorced,1,2,Manager,20415.0
145,201889,0,30.0,1,1,9.0,Others,1,3.0,3.0,Married,0,3,Executive,17097.0
146,200224,0,31.0,0,1,,Small Business,1,5.0,3.0,Divorced,0,3,Manager,
147,202218,1,26.0,1,3,35.0,Small Business,1,,5.0,Unmarried,0,3,Manager,19969.0
148,202767,1,29.0,0,1,9.0,Small Business,1,6.0,3.0,Divorced,1,3,Executive,22142.0
149,201220,0,36.0,0,3,,Others,0,3.0,3.0,Unmarried,0,4,Manager,19502.0
150,204764,0,33.0,1,3,9.0,Others,0,4.0,5.0,Married,0,3,Executive,21505.0
151,200215,0,41.0,0,3,12.0,Others,0,3.0,3.0,Unmarried,1,2,Senior Manager,28591.0
152,202339,0,46.0,0,1,21.0,Others,1,3.0,4.0,Married,0,3,VP,34081.0
153,200252,0,29.0,0,1,21.0,Others,1,3.0,3.0,Unmarried,0,3,Executive,17340.0
154,204258,0,36.0,0,1,12.0,Large Business,1,4.0,4.0,Unmarried,0,3,Senior Manager,26773.0
155,203807,0,34.0,0,3,17.0,Small Business,1,4.0,3.0,Unmarried,0,1,Manager,24165.0
156,203853,0,41.0,1,1,18.0,Large Business,0,4.0,3.0,Married,0,3,Manager,25001.0
157,204244,0,44.0,1,1,17.0,Others,0,5.0,3.0,Married,0,3,Manager,23935.0
158,203133,1,21.0,0,1,11.0,Large Business,1,4.0,5.0,Unmarried,0,3,Executive,21651.0
159,204228,0,40.0,0,1,17.0,Small Business,1,4.0,5.0,Married,1,3,AVP,35746.0
160,200108,0,25.0,0,1,13.0,Small Business,1,4.0,3.0,Divorced,0,2,Executive,17889.0
161,201691,0,33.0,0,1,10.0,Small Business,0,4.0,4.0,Married,0,4,Executive,17622.0
162,203950,1,51.0,0,3,10.0,Small Business,1,5.0,3.0,Married,1,4,Executive,21361.0
163,203824,0,36.0,0,3,25.0,Small Business,1,4.0,5.0,Married,0,3,Manager,20822.0
164,203208,0,29.0,0,3,,Small Business,1,4.0,4.0,Divorced,0,5,Executive,19730.0
165,203135,0,41.0,1,1,16.0,Small Business,1,4.0,4.0,Married,1,4,Executive,22295.0
166,203258,0,41.0,0,1,21.0,Small Business,1,5.0,3.0,Unmarried,0,3,VP,38304.0
167,202709,0,30.0,0,3,9.0,Small Business,1,5.0,4.0,Divorced,0,4,Manager,25322.0
168,203913,0,35.0,0,1,15.0,Small Business,1,2.0,3.0,Married,0,3,Manager,23082.0
169,202014,0,47.0,1,3,9.0,Small Business,0,3.0,3.0,Married,1,5,AVP,28770.0
170,201526,0,35.0,1,3,5.0,Others,1,3.0,5.0,Married,0,4,Senior Manager,24069.0
171,201148,0,39.0,0,1,16.0,Small Business,1,3.0,5.0,Married,0,5,Manager,20377.0
172,204070,0,52.0,0,1,14.0,Small Business,1,5.0,3.0,Married,0,3,Manager,24810.0
173,204583,1,40.0,0,1,13.0,Small Business,1,4.0,5.0,Married,1,1,Executive,21082.0
174,204867,1,45.0,0,3,8.0,Others,1,6.0,4.0,Unmarried,0,3,Manager,21040.0
175,204466,0,57.0,0,1,16.0,Small Business,1,4.0,3.0,Married,0,4,AVP,29781.0
176,200247,0,34.0,0,1,8.0,Others,1,4.0,5.0,Divorced,0,4,Manager,20957.0
177,204058,0,33.0,1,3,16.0,Small Business,1,6.0,3.0,Married,0,1,Manager,23346.0
178,203402,0,35.0,0,1,16.0,Others,1,4.0,3.0,Married,0,5,Senior Manager,27178.0
179,200668,0,28.0,0,1,15.0,Small Business,0,3.0,3.0,Married,0,3,Executive,17377.0
180,203828,0,35.0,0,3,7.0,Small Business,1,4.0,3.0,Unmarried,0,5,Senior Manager,28566.0
181,201636,0,41.0,0,1,20.0,Others,1,3.0,3.0,Married,0,4,Executive,17451.0
182,204819,1,30.0,0,1,14.0,Large Business,0,4.0,3.0,Married,1,4,Executive,34802.0
183,200867,0,50.0,1,1,8.0,Small Business,0,3.0,5.0,Divorced,0,3,AVP,32856.0
184,201784,0,39.0,0,1,16.0,Small Business,1,3.0,5.0,Married,1,3,AVP,32068.0
185,203260,0,40.0,1,1,16.0,Others,1,4.0,4.0,Unmarried,0,2,Manager,25460.0
186,204089,0,57.0,0,1,15.0,Others,0,4.0,5.0,Married,1,4,Executive,22935.0
187,200256,0,42.0,0,1,8.0,Small Business,0,4.0,5.0,Married,1,4,Executive,17593.0
188,204633,0,48.0,0,3,11.0,Others,0,4.0,3.0,Unmarried,1,3,Manager,22841.0
189,203590,0,35.0,1,1,17.0,Others,1,2.0,3.0,Married,0,4,Manager,23402.0
190,200687,0,36.0,0,1,8.0,Small Business,1,3.0,3.0,Unmarried,0,5,Executive,17519.0
191,201554,0,34.0,0,1,,Small Business,1,3.0,4.0,Married,0,5,Manager,
192,204142,0,36.0,1,3,7.0,Small Business,0,4.0,3.0,Unmarried,0,5,Senior Manager,27467.0
193,203198,0,34.0,1,3,15.0,Others,0,5.0,3.0,Unmarried,0,2,Executive,21020.0
194,201300,0,34.0,0,3,14.0,Large Business,1,1.0,3.0,Married,0,1,Manager,21799.0
195,200663,1,21.0,0,1,24.0,Others,0,3.0,3.0,Unmarried,0,3,Executive,17693.0
196,203921,0,31.0,0,1,31.0,Others,1,4.0,3.0,Married,0,3,Executive,21371.0
197,200641,0,32.0,1,3,11.0,Others,1,3.0,4.0,Divorced,0,3,Manager,21524.0
198,201660,0,52.0,0,1,6.0,Others,1,4.0,3.0,Married,0,1,VP,34999.0
199,203628,0,55.0,0,1,29.0,Small Business,0,4.0,3.0,Married,0,1,AVP,36104.0
200,200749,1,52.0,0,3,8.0,Small Business,0,5.0,3.0,Divorced,0,3,VP,34845.0
201,200530,0,27.0,0,1,6.0,Others,0,3.0,5.0,Divorced,0,4,Senior Manager,22412.0
202,202927,0,36.0,0,1,32.0,Others,1,5.0,3.0,Unmarried,0,2,Manager,22359.0
203,202096,0,32.0,0,1,14.0,Small Business,0,1.0,3.0,Married,0,3,Manager,20175.0
204,202502,0,32.0,0,1,14.0,Others,1,4.0,3.0,Married,0,3,Manager,24593.0
205,203459,0,35.0,1,1,7.0,Others,1,4.0,5.0,Married,0,1,Executive,21674.0
206,200154,0,32.0,1,3,14.0,Small Business,0,3.0,3.0,Unmarried,0,4,Senior Manager,23998.0
207,201973,0,34.0,0,1,6.0,Others,1,3.0,3.0,Married,0,3,Executive,17691.0
208,204254,0,38.0,0,1,12.0,Small Business,1,4.0,3.0,Married,0,3,Manager,25025.0
209,202825,0,31.0,0,3,9.0,Large Business,1,4.0,4.0,Divorced,0,3,Executive,21154.0
210,204821,1,45.0,0,1,30.0,Small Business,1,4.0,5.0,Unmarried,0,3,Executive,36891.0
211,204800,0,31.0,0,1,8.0,Small Business,1,4.0,4.0,Married,1,4,Executive,22257.0
212,203293,1,44.0,0,3,16.0,Small Business,0,6.0,3.0,Unmarried,0,2,Manager,24024.0
213,204449,0,42.0,0,2,17.0,Others,1,5.0,3.0,Married,0,1,VP,37819.0
214,203006,1,34.0,0,1,7.0,Others,1,4.0,3.0,Unmarried,1,3,Executive,21364.0
215,201583,0,24.0,0,1,24.0,Others,1,3.0,3.0,Married,0,4,Executive,17774.0
216,201472,1,37.0,0,1,8.0,Others,1,4.0,3.0,Unmarried,1,3,Executive,17090.0
217,204808,0,55.0,0,1,10.0,Others,1,4.0,3.0,Married,0,5,AVP,36457.0
218,201850,0,24.0,0,3,,Small Business,0,3.0,3.0,Married,1,1,Manager,
219,204052,0,26.0,0,3,35.0,Others,1,5.0,3.0,Married,0,4,Manager,27317.0
220,201927,1,18.0,1,3,11.0,Small Business,1,3.0,4.0,Unmarried,1,4,Executive,16878.0
221,203044,0,33.0,0,1,11.0,Others,0,5.0,3.0,Divorced,0,4,Manager,24840.0
222,203533,0,38.0,0,1,20.0,Small Business,1,4.0,3.0,Married,0,1,Manager,22963.0
223,200550,0,23.0,0,1,15.0,Small Business,1,3.0,5.0,Divorced,0,3,Executive,17500.0
224,202735,0,37.0,0,1,10.0,Large Business,1,4.0,4.0,Unmarried,0,2,Manager,23163.0
225,203374,0,52.0,1,1,13.0,Small Business,0,5.0,3.0,Unmarried,0,5,Executive,21516.0
226,203189,0,56.0,1,1,25.0,Small Business,1,4.0,4.0,Divorced,1,5,Manager,25063.0
227,203830,0,27.0,0,1,7.0,Small Business,1,4.0,5.0,Unmarried,0,5,Executive,21545.0
228,202179,1,31.0,1,1,15.0,Small Business,1,4.0,5.0,Unmarried,1,3,Executive,17321.0
229,204837,1,35.0,0,3,16.0,Small Business,1,4.0,3.0,Married,0,3,Senior Manager,23168.0
230,203606,1,36.0,0,3,17.0,Small Business,1,5.0,5.0,Married,0,5,Senior Manager,28984.0
231,202344,0,,0,1,13.0,Others,1,3.0,3.0,Married,0,5,Manager,18491.0
232,203575,0,35.0,1,1,17.0,Large Business,1,5.0,3.0,Married,0,4,Manager,23741.0
233,202531,0,52.0,0,1,16.0,Others,1,4.0,3.0,Divorced,0,3,Executive,20753.0
234,202016,0,29.0,0,3,16.0,Others,1,3.0,3.0,Unmarried,0,4,Executive,17642.0
235,204788,0,31.0,0,1,14.0,Others,1,4.0,3.0,Married,0,5,Manager,22169.0
236,202672,0,36.0,1,3,7.0,Small Business,0,4.0,3.0,Unmarried,0,5,Senior Manager,27467.0
237,200115,0,37.0,0,3,9.0,Others,1,3.0,3.0,Unmarried,0,3,Senior Manager,22428.0
238,202526,0,56.0,0,3,7.0,Others,1,4.0,3.0,Divorced,0,2,Senior Manager,28917.0
239,203680,1,37.0,0,3,20.0,Small Business,1,5.0,5.0,Married,1,1,Manager,24812.0
240,204027,0,25.0,0,1,25.0,Others,1,4.0,3.0,Married,0,4,Executive,21452.0
241,203994,0,31.0,0,1,7.0,Others,1,5.0,3.0,Married,1,1,Manager,23804.0
242,203850,0,55.0,0,1,17.0,Small Business,0,4.0,5.0,Unmarried,1,1,Manager,23118.0
243,202577,0,42.0,0,3,16.0,Others,1,4.0,3.0,Married,1,2,Senior Manager,26867.0
244,200480,1,30.0,1,3,18.0,Others,1,4.0,5.0,Divorced,0,5,Executive,17033.0
245,201126,0,50.0,0,3,5.0,Small Business,1,3.0,3.0,Married,1,5,VP,34331.0
246,200655,0,33.0,0,2,9.0,Others,1,3.0,4.0,Married,1,5,Executive,17277.0
247,203834,1,29.0,0,1,24.0,Large Business,1,5.0,3.0,Married,0,3,Executive,21045.0
248,202728,0,27.0,1,1,18.0,Small Business,1,4.0,5.0,Divorced,1,3,Manager,23419.0
249,201299,0,40.0,0,1,6.0,Others,0,3.0,3.0,Married,0,3,Manager,21513.0
250,202828,0,37.0,0,3,9.0,Small Business,1,5.0,3.0,Divorced,0,2,Senior Manager,26274.0
251,204568,0,40.0,0,2,9.0,Others,0,5.0,3.0,Married,0,3,Manager,23882.0
252,204053,0,31.0,0,2,16.0,Others,1,4.0,3.0,Married,1,3,Manager,25025.0
253,200074,0,36.0,0,1,12.0,Others,0,2.0,3.0,Divorced,0,2,Manager,18038.0
254,200112,0,54.0,1,2,32.0,Others,0,2.0,3.0,Unmarried,1,3,AVP,32328.0
255,202136,1,,0,1,9.0,Others,0,3.0,3.0,Married,1,5,Manager,
256,204085,1,20.0,1,3,7.0,Large Business,0,6.0,5.0,Unmarried,0,3,Executive,21003.0
257,201381,0,28.0,1,1,22.0,Small Business,1,3.0,3.0,Unmarried,0,3,Executive,17144.0
258,202336,0,40.0,1,3,,Small Business,1,3.0,4.0,Married,0,4,Manager,
259,201711,0,32.0,1,3,,Small Business,1,3.0,3.0,Married,0,4,Manager,
260,202664,0,37.0,0,1,12.0,Others,1,4.0,4.0,Unmarried,0,2,Manager,24592.0
261,202553,0,23.0,0,1,22.0,Small Business,0,4.0,3.0,Unmarried,0,2,Executive,21549.0
262,201032,1,,1,1,8.0,Others,0,4.0,5.0,Unmarried,1,3,Executive,18646.0
263,201972,0,53.0,0,3,6.0,Small Business,0,3.0,5.0,Unmarried,0,1,Manager,23381.0
264,201746,0,35.0,0,1,28.0,Others,0,1.0,4.0,Married,0,5,Senior Manager,26996.0
265,204293,0,56.0,0,1,9.0,Others,0,4.0,3.0,Unmarried,1,5,AVP,35337.0
266,203391,1,53.0,0,3,12.0,Others,1,4.0,4.0,Unmarried,1,4,Senior Manager,27124.0
267,201005,0,29.0,0,2,23.0,Others,1,4.0,5.0,Unmarried,0,3,Senior Manager,22988.0
268,200633,0,36.0,0,2,14.0,Others,1,4.0,5.0,Divorced,0,2,Executive,17342.0
269,204697,0,42.0,0,1,14.0,Large Business,0,2.0,3.0,Married,0,3,Executive,22054.0
270,200517,0,25.0,0,3,,Others,1,2.0,4.0,Divorced,0,4,Manager,19851.0
271,203568,0,40.0,0,3,13.0,Small Business,1,2.0,3.0,Married,0,4,Senior Manager,26915.0
272,202412,1,36.0,0,3,16.0,Small Business,1,4.0,5.0,Married,0,5,Senior Manager,22094.0
273,204488,0,35.0,0,1,7.0,Others,0,2.0,3.0,Unmarried,0,1,Executive,21958.0
274,203132,1,20.0,0,3,28.0,Others,1,5.0,4.0,Unmarried,1,2,Executive,20799.0
275,204634,1,31.0,0,1,29.0,Others,0,4.0,3.0,Married,1,1,Executive,20810.0
276,204554,0,25.0,1,1,11.0,Others,1,5.0,3.0,Married,0,3,Executive,21840.0
277,203523,0,40.0,0,1,13.0,Others,0,4.0,4.0,Unmarried,0,3,Senior Manager,27054.0
278,200410,0,30.0,0,1,8.0,Others,0,5.0,3.0,Unmarried,0,2,Manager,21091.0
279,203228,0,39.0,0,1,24.0,Others,0,5.0,3.0,Divorced,0,2,Senior Manager,27501.0
280,202350,0,32.0,1,1,19.0,Others,0,4.0,4.0,Married,0,5,Executive,17743.0
281,200994,0,52.0,1,1,34.0,Small Business,0,1.0,3.0,Divorced,1,4,AVP,28247.0
282,203023,0,35.0,0,1,9.0,Small Business,0,5.0,5.0,Unmarried,0,2,Executive,23059.0
283,203339,0,32.0,0,1,18.0,Small Business,1,4.0,5.0,Divorced,1,2,Manager,25511.0
284,203813,1,29.0,0,3,20.0,Small Business,0,4.0,3.0,Unmarried,1,5,Manager,28532.0
285,200437,0,30.0,0,3,13.0,Small Business,1,3.0,4.0,Unmarried,0,2,Executive,17983.0
286,204093,0,39.0,0,1,16.0,Others,0,4.0,3.0,Unmarried,0,1,Executive,20966.0
287,201153,1,18.0,1,3,9.0,Small Business,0,3.0,3.0,Unmarried,1,5,Executive,16569.0
288,203199,0,46.0,0,3,18.0,Others,0,4.0,3.0,Divorced,0,4,AVP,36328.0
289,201150,0,35.0,0,1,24.0,Others,1,1.0,5.0,Married,0,3,Manager,20208.0
290,204822,1,34.0,0,3,32.0,Small Business,1,5.0,4.0,Unmarried,1,5,Senior Manager,27058.0
291,204267,0,38.0,0,1,13.0,Small Business,1,2.0,5.0,Married,1,3,Manager,24652.0
292,200392,0,54.0,0,1,11.0,Small Business,1,3.0,5.0,Divorced,0,4,VP,34406.0
293,202876,0,35.0,0,1,9.0,Others,1,5.0,3.0,Married,0,5,Executive,21446.0
294,200408,0,52.0,0,1,10.0,Others,0,3.0,3.0,Divorced,0,5,AVP,31555.0
295,202751,0,39.0,0,1,32.0,Others,0,5.0,4.0,Divorced,0,3,Senior Manager,30739.0
296,202958,1,34.0,1,1,10.0,Others,1,4.0,5.0,Unmarried,1,5,Executive,22026.0
297,203312,0,29.0,0,1,26.0,Small Business,1,5.0,5.0,Divorced,0,3,Executive,21874.0
298,201871,0,56.0,1,3,12.0,Others,0,1.0,5.0,Married,0,3,AVP,28212.0
299,203592,0,40.0,0,1,17.0,Small Business,1,4.0,5.0,Married,0,5,Manager,24055.0
300,203615,1,41.0,0,1,14.0,Others,1,4.0,5.0,Unmarried,1,3,Executive,20844.0
301,203857,0,26.0,0,1,9.0,Others,1,4.0,3.0,Married,1,5,Executive,22655.0
302,203932,0,54.0,0,3,9.0,Others,0,5.0,3.0,Married,0,3,AVP,34105.0
303,202052,0,40.0,1,1,,Small Business,0,1.0,4.0,Married,0,3,Manager,
304,200183,0,,0,1,6.0,Small Business,1,4.0,3.0,Divorced,0,3,Executive,18690.0
305,203452,0,55.0,0,1,7.0,Small Business,0,4.0,3.0,Unmarried,0,4,AVP,36006.0
306,203509,0,56.0,0,1,11.0,Others,1,4.0,3.0,Divorced,1,4,Manager,22713.0
307,200271,1,47.0,1,1,35.0,Others,1,3.0,4.0,Divorced,1,3,Senior Manager,26849.0
308,201520,1,48.0,0,1,6.0,Others,1,4.0,3.0,Unmarried,1,5,Senior Manager,20381.0
309,202779,0,41.0,0,3,7.0,Small Business,1,6.0,3.0,Divorced,1,3,Manager,26135.0
310,203302,0,54.0,0,1,14.0,Small Business,0,4.0,3.0,Married,0,2,VP,37284.0
311,200066,0,36.0,1,1,17.0,Others,1,4.0,4.0,Unmarried,0,4,Manager,21499.0
312,200465,0,46.0,1,1,24.0,Small Business,0,3.0,3.0,Divorced,0,3,Senior Manager,25527.0
313,200248,0,,0,1,6.0,Small Business,0,4.0,5.0,Divorced,0,4,Executive,
314,200258,0,51.0,0,1,6.0,Others,1,3.0,3.0,Divorced,0,4,Executive,17723.0
315,201054,0,49.0,0,1,13.0,Others,1,3.0,4.0,Married,0,4,Senior Manager,25466.0
316,203958,0,31.0,1,1,7.0,Small Business,0,4.0,3.0,Unmarried,0,3,Manager,22689.0
317,201914,0,,0,3,8.0,Small Business,0,3.0,3.0,Married,0,5,Manager,
318,203482,0,49.0,0,3,14.0,Small Business,1,4.0,5.0,Married,0,4,Manager,24164.0
319,201790,0,27.0,0,3,,Others,1,3.0,3.0,Unmarried,1,4,Manager,
320,203489,0,41.0,0,1,9.0,Small Business,1,4.0,3.0,Married,0,1,Executive,21023.0
321,202784,0,38.0,0,1,12.0,Small Business,1,4.0,3.0,Married,0,3,Manager,25025.0
322,203309,0,31.0,0,3,36.0,Others,1,4.0,5.0,Married,0,2,Manager,22793.0
323,203789,0,36.0,0,1,23.0,Others,0,5.0,4.0,Married,1,1,Manager,23466.0
324,201867,0,25.0,0,3,,Others,0,4.0,3.0,Unmarried,1,1,Manager,19487.0
325,203179,0,49.0,0,1,13.0,Others,1,5.0,3.0,Unmarried,0,2,Manager,22918.0
326,203469,0,25.0,0,3,11.0,Small Business,0,4.0,3.0,Divorced,1,5,Manager,22840.0
327,204429,0,36.0,1,1,10.0,Others,1,,3.0,Married,0,1,Executive,19959.0
328,202634,0,53.0,0,1,7.0,Others,1,5.0,,Divorced,0,2,VP,38677.0
329,203130,0,42.0,0,1,13.0,Small Business,1,4.0,5.0,Unmarried,1,4,Executive,23399.0
330,200061,0,38.0,1,1,35.0,Others,0,3.0,3.0,Unmarried,0,3,Manager,17406.0
331,201676,0,22.0,0,1,11.0,Others,1,1.0,4.0,Married,1,4,Executive,17328.0
332,202644,0,28.0,1,1,7.0,Large Business,1,5.0,5.0,Divorced,0,3,Manager,22976.0
333,203088,0,32.0,0,1,18.0,Others,1,4.0,3.0,Divorced,1,3,Executive,21034.0
334,201895,0,50.0,0,1,35.0,Others,1,4.0,3.0,Married,0,5,AVP,32046.0
335,201504,1,24.0,0,1,6.0,Small Business,1,3.0,3.0,Married,1,3,Executive,17293.0
336,200253,0,42.0,0,1,23.0,Others,0,2.0,5.0,Unmarried,1,2,Manager,21545.0
337,204778,1,42.0,1,1,12.0,Others,1,5.0,5.0,Married,0,3,Executive,20785.0
338,202379,1,19.0,0,3,11.0,Others,1,3.0,4.0,Unmarried,1,4,Senior Manager,17994.0
339,200100,1,37.0,0,2,12.0,Others,1,3.0,5.0,Married,1,2,Executive,17073.0
340,203041,0,43.0,0,1,7.0,Others,0,5.0,3.0,Divorced,1,3,Manager,24740.0
341,202676,0,60.0,0,2,13.0,Small Business,1,4.0,3.0,Divorced,0,4,Executive,20945.0
342,201619,0,19.0,0,1,9.0,Small Business,0,3.0,4.0,Unmarried,0,3,Executive,16483.0
343,200790,0,33.0,0,1,11.0,Others,1,4.0,3.0,Married,0,3,Senior Manager,22119.0
344,203564,0,39.0,0,3,23.0,Others,0,4.0,4.0,Unmarried,0,1,Manager,22876.0
345,202130,1,58.0,1,1,8.0,Others,1,4.0,3.0,Married,1,1,Executive,17380.0
346,203735,1,38.0,0,1,17.0,Small Business,1,4.0,5.0,Unmarried,0,4,Manager,22891.0
347,202678,1,34.0,0,1,21.0,Small Business,1,4.0,3.0,Divorced,1,2,Executive,21114.0
348,202863,0,31.0,1,1,10.0,Others,1,4.0,3.0,Divorced,0,3,Executive,20775.0
349,203726,0,34.0,0,1,15.0,Others,1,2.0,5.0,Married,0,3,Executive,21821.0
350,202491,0,38.0,0,1,26.0,Others,1,4.0,4.0,Divorced,0,4,Executive,21700.0
351,204227,0,34.0,1,1,12.0,Others,0,4.0,4.0,Married,0,3,Senior Manager,30556.0
352,204510,0,36.0,0,1,7.0,Others,0,2.0,3.0,Unmarried,0,3,Executive,21184.0
353,200727,0,18.0,1,1,11.0,Others,1,3.0,3.0,Unmarried,0,2,Executive,16051.0
354,202515,0,30.0,0,1,9.0,Others,1,4.0,4.0,Divorced,0,4,Executive,21381.0
355,200669,1,39.0,0,1,12.0,Small Business,1,3.0,5.0,Divorced,1,2,Executive,17404.0
356,203984,0,60.0,1,3,7.0,Others,0,5.0,3.0,Unmarried,0,5,Manager,24151.0
357,202608,0,28.0,1,1,10.0,Small Business,1,5.0,3.0,Married,1,2,Executive,21244.0
358,204281,0,51.0,0,1,17.0,Large Business,1,5.0,3.0,Unmarried,0,5,Senior Manager,29174.0
359,200509,0,33.0,1,1,12.0,Others,1,3.0,3.0,Married,0,5,Manager,22725.0
360,200630,0,22.0,0,1,,Others,1,4.0,3.0,Divorced,0,2,Manager,19775.0
361,203272,1,19.0,1,1,15.0,Small Business,1,4.0,3.0,Unmarried,0,5,Executive,20582.0
362,200279,0,50.0,0,1,10.0,Others,1,3.0,4.0,Married,0,5,VP,34144.0
363,204081,0,31.0,0,3,12.0,Others,0,4.0,3.0,Married,0,4,Senior Manager,28097.0
364,200881,0,32.0,1,1,8.0,Others,0,,3.0,Unmarried,1,5,Manager,19998.0
365,201336,0,55.0,0,1,8.0,Large Business,1,4.0,3.0,Married,0,5,Executive,17662.0
366,202271,1,50.0,1,3,,Others,1,3.0,3.0,Unmarried,1,1,Manager,19728.0
367,202398,1,44.0,1,3,7.0,Large Business,1,3.0,3.0,Married,0,3,Executive,22978.0
368,201256,0,38.0,1,1,8.0,Small Business,0,4.0,4.0,Married,0,3,Executive,17468.0
369,202172,0,30.0,0,3,14.0,Others,1,3.0,3.0,Married,0,3,Senior Manager,22264.0
370,203814,0,48.0,1,1,21.0,Large Business,1,4.0,4.0,Married,0,3,Manager,24145.0
371,204331,0,41.0,0,3,9.0,Others,0,4.0,3.0,Married,0,3,VP,36719.0
372,202987,0,45.0,1,1,31.0,Small Business,1,6.0,3.0,Unmarried,0,3,Executive,22386.0
373,203589,0,37.0,0,1,19.0,Others,0,4.0,3.0,Married,1,1,Manager,23341.0
374,203288,0,31.0,0,3,17.0,Small Business,1,5.0,3.0,Divorced,0,2,Manager,25256.0
375,202625,0,35.0,0,1,34.0,Small Business,0,4.0,4.0,Unmarried,0,3,Executive,20989.0
376,203156,0,34.0,0,1,20.0,Others,0,4.0,3.0,Unmarried,0,3,Executive,22130.0
377,202921,0,51.0,1,2,10.0,Small Business,1,4.0,4.0,Divorced,0,2,VP,36878.0
378,203146,0,31.0,0,3,15.0,Others,1,4.0,3.0,Married,0,3,Senior Manager,25942.0
379,201345,0,35.0,0,1,,Others,0,4.0,4.0,Married,1,1,Manager,19788.0
380,203286,1,29.0,0,1,19.0,Others,0,4.0,3.0,Divorced,1,4,Executive,21193.0
381,200957,0,,1,1,22.0,Others,1,3.0,3.0,Married,0,3,Executive,18544.0
382,200225,0,59.0,0,1,9.0,Others,1,4.0,3.0,Divorced,0,3,Executive,17177.0
383,203329,0,26.0,0,3,17.0,Others,1,4.0,3.0,Unmarried,0,2,Manager,23628.0
384,203453,0,59.0,0,1,7.0,Small Business,0,4.0,,Divorced,1,1,VP,38379.0
385,201488,0,53.0,0,3,8.0,Others,0,4.0,3.0,Married,0,3,AVP,30427.0
386,202276,0,52.0,0,1,5.0,Others,1,3.0,4.0,Unmarried,0,3,Senior Manager,25445.0
387,201037,0,45.0,0,1,35.0,Large Business,1,3.0,3.0,Divorced,1,5,Senior Manager,24380.0
388,203368,0,36.0,0,1,13.0,Others,1,4.0,3.0,Divorced,1,3,Executive,22184.0
389,201616,0,30.0,0,1,8.0,Small Business,1,4.0,3.0,Unmarried,0,4,Executive,17720.0
390,200290,0,49.0,1,1,16.0,Others,0,3.0,5.0,Unmarried,1,3,VP,33665.0
391,200672,0,42.0,0,3,20.0,Small Business,0,4.0,3.0,Unmarried,0,3,Manager,21244.0
392,200508,0,35.0,0,1,12.0,Others,1,5.0,3.0,Unmarried,0,5,Manager,21646.0
393,201106,1,30.0,0,3,6.0,Others,1,4.0,5.0,Married,0,4,Manager,24714.0
394,202982,0,42.0,0,2,7.0,Others,1,5.0,3.0,Divorced,0,2,VP,37867.0
395,201617,0,41.0,1,1,16.0,Others,1,4.0,5.0,Married,0,1,AVP,32181.0
396,203163,0,48.0,0,3,11.0,Others,0,4.0,3.0,Unmarried,1,3,Manager,22841.0
397,202538,0,33.0,0,3,13.0,Small Business,1,4.0,3.0,Unmarried,0,5,Manager,23688.0
398,203687,0,46.0,0,2,11.0,Others,0,6.0,3.0,Married,0,1,Senior Manager,28434.0
399,201949,1,24.0,1,1,13.0,Others,0,3.0,3.0,Married,1,4,Executive,17886.0
400,204790,0,21.0,0,3,28.0,Small Business,1,2.0,3.0,Unmarried,0,3,Executive,21356.0
401,200081,0,35.0,0,1,6.0,Small Business,1,4.0,3.0,Unmarried,0,4,Executive,17859.0
402,200570,0,52.0,1,1,,Small Business,1,3.0,3.0,Divorced,0,3,Executive,
403,203320,0,21.0,0,3,28.0,Small Business,1,2.0,3.0,Unmarried,0,3,Executive,21356.0
404,203909,0,37.0,1,1,30.0,Small Business,1,2.0,3.0,Married,0,3,Manager,21249.0
405,202400,1,51.0,0,3,30.0,Small Business,0,4.0,4.0,Unmarried,1,5,Manager,17838.0
406,201066,0,,0,1,10.0,Small Business,0,4.0,4.0,Divorced,0,1,Executive,
407,204766,0,30.0,0,1,13.0,Small Business,0,4.0,3.0,Married,0,3,Executive,21809.0
408,204378,0,38.0,0,1,7.0,Large Business,0,4.0,3.0,Unmarried,0,5,Senior Manager,26169.0
409,201562,0,30.0,0,3,10.0,Small Business,0,4.0,4.0,Married,1,3,Manager,20209.0
410,200787,0,55.0,1,1,8.0,Others,1,3.0,4.0,Divorced,0,2,Senior Manager,25976.0
411,201728,0,51.0,0,1,6.0,Others,1,3.0,3.0,Married,0,4,Executive,17723.0
412,201699,1,29.0,0,1,24.0,Small Business,1,4.0,3.0,Unmarried,1,3,Executive,17389.0
413,203707,0,43.0,0,1,19.0,Small Business,1,4.0,4.0,Married,0,1,Executive,21444.0
414,203218,0,56.0,1,1,9.0,Small Business,1,5.0,5.0,Unmarried,0,3,AVP,35434.0
415,203750,0,32.0,1,3,14.0,Small Business,0,4.0,5.0,Married,0,1,Senior Manager,28315.0
416,203946,0,31.0,0,1,16.0,Small Business,1,5.0,3.0,Unmarried,0,4,Executive,20884.0
417,204567,0,51.0,1,1,9.0,Others,1,4.0,5.0,Married,0,5,AVP,36602.0
418,202615,1,20.0,1,3,7.0,Large Business,0,6.0,5.0,Unmarried,0,3,Executive,21003.0
419,203296,0,30.0,0,1,13.0,Small Business,0,4.0,3.0,Divorced,0,3,Executive,21809.0
420,204721,0,39.0,0,3,17.0,Small Business,1,5.0,3.0,Married,1,3,Senior Manager,27418.0
421,204404,0,39.0,0,1,7.0,Others,0,4.0,5.0,Unmarried,0,1,Executive,21297.0
422,203535,0,34.0,0,1,32.0,Others,1,5.0,4.0,Unmarried,0,1,Manager,22998.0
423,201269,0,,0,2,8.0,Others,1,3.0,3.0,Unmarried,0,1,Executive,18539.0
424,203702,0,30.0,0,1,11.0,Large Business,0,5.0,5.0,Married,0,4,Executive,20787.0
425,202607,0,58.0,0,1,31.0,Others,1,3.0,3.0,Married,1,4,Senior Manager,28117.0
426,203992,0,38.0,0,1,14.0,Small Business,1,4.0,3.0,Unmarried,0,1,Senior Manager,32342.0
427,203148,0,36.0,0,3,10.0,Others,1,4.0,3.0,Married,0,5,Senior Manager,26501.0
428,200679,0,31.0,1,3,26.0,Small Business,0,3.0,3.0,Divorced,0,2,Manager,21932.0
429,200369,0,31.0,0,1,15.0,Others,1,4.0,4.0,Unmarried,1,3,Executive,17657.0
430,200602,0,30.0,0,1,8.0,Small Business,0,4.0,3.0,Unmarried,1,2,Manager,21877.0
431,203969,0,34.0,1,1,7.0,Others,0,4.0,3.0,Unmarried,1,1,Senior Manager,32136.0
432,200167,0,30.0,0,3,11.0,Others,0,3.0,3.0,Divorced,0,4,Senior Manager,24419.0
433,202845,0,57.0,1,3,13.0,Others,0,3.0,5.0,Divorced,0,3,AVP,31890.0
434,204675,1,37.0,0,1,22.0,Others,1,4.0,3.0,Married,0,4,Manager,23512.0
435,202793,0,30.0,1,3,9.0,Others,1,4.0,3.0,Divorced,0,2,Manager,23327.0
436,203548,0,30.0,0,1,16.0,Others,1,2.0,3.0,Married,0,5,Executive,21129.0
437,201646,0,33.0,0,1,8.0,Others,1,3.0,3.0,Unmarried,0,3,Executive,17500.0
438,202521,0,46.0,0,1,13.0,Others,1,4.0,5.0,Divorced,1,3,Senior Manager,31923.0
439,200710,0,33.0,1,3,23.0,Others,1,3.0,3.0,Unmarried,0,3,AVP,32444.0
440,202704,0,33.0,1,1,14.0,Others,1,3.0,4.0,Divorced,0,2,Executive,21472.0
441,200479,1,24.0,1,1,13.0,Others,0,3.0,3.0,Divorced,1,4,Executive,17886.0
442,201654,0,53.0,0,1,,Small Business,0,1.0,5.0,Married,0,1,Manager,
443,203669,0,46.0,0,1,35.0,Large Business,0,5.0,4.0,Unmarried,0,3,AVP,35382.0
444,201946,0,24.0,0,1,23.0,Others,1,4.0,4.0,Married,0,3,Executive,17127.0
445,204252,0,31.0,0,3,12.0,Small Business,0,5.0,3.0,Married,0,1,Manager,24796.0
446,202873,0,47.0,0,1,9.0,Others,1,4.0,3.0,Divorced,0,5,AVP,36539.0
447,204177,0,47.0,0,3,9.0,Large Business,0,6.0,4.0,Married,1,5,AVP,35550.0
448,203273,1,34.0,0,3,16.0,Small Business,0,4.0,5.0,Unmarried,1,3,Manager,26902.0
449,204747,0,28.0,0,1,13.0,Others,1,5.0,3.0,Married,0,1,Executive,21217.0
450,201404,0,42.0,1,1,,Others,1,4.0,3.0,Unmarried,0,3,Manager,
451,203525,0,36.0,0,1,23.0,Others,0,5.0,4.0,Unmarried,0,1,Senior Manager,27284.0
452,202895,0,43.0,0,1,31.0,Small Business,1,4.0,5.0,Divorced,1,2,Senior Manager,26084.0
453,200549,0,34.0,0,1,14.0,Small Business,0,3.0,3.0,Unmarried,0,4,Manager,21142.0
454,202397,1,36.0,0,2,15.0,Large Business,0,3.0,3.0,Married,0,1,Executive,20410.0
455,202718,0,22.0,0,1,10.0,Small Business,1,5.0,3.0,Unmarried,0,5,Executive,21908.0
456,202960,0,24.0,0,1,11.0,Small Business,1,3.0,5.0,Divorced,0,4,Executive,21497.0
457,202038,1,55.0,0,1,8.0,Small Business,1,3.0,5.0,Married,1,1,VP,34859.0
458,202524,0,31.0,0,1,7.0,Others,1,5.0,3.0,Divorced,1,2,Manager,23804.0
459,201484,1,28.0,0,1,30.0,Others,1,4.0,3.0,Unmarried,1,1,Executive,17028.0
460,200924,0,,0,1,12.0,Others,1,3.0,3.0,Divorced,1,3,Executive,18506.0
461,202243,0,36.0,0,1,18.0,Small Business,0,4.0,3.0,Unmarried,0,1,Senior Manager,23858.0
462,200313,0,33.0,1,1,11.0,Others,0,3.0,4.0,Divorced,0,3,Senior Manager,26878.0
463,201596,1,58.0,0,1,29.0,Small Business,0,3.0,3.0,Married,0,3,Senior Manager,25312.0
464,203793,0,27.0,0,1,7.0,Others,0,5.0,3.0,Married,1,4,Executive,21611.0
465,200326,0,39.0,1,1,5.0,Small Business,1,4.0,3.0,Divorced,0,5,VP,34272.0
466,201103,0,48.0,0,3,22.0,Others,0,3.0,3.0,Married,0,4,Manager,21439.0
467,204401,0,21.0,0,1,7.0,Others,0,5.0,4.0,Unmarried,0,4,Executive,21514.0
468,202688,0,46.0,0,1,7.0,Others,1,3.0,3.0,Divorced,0,4,VP,37880.0
469,203691,0,32.0,0,3,12.0,Large Business,1,4.0,3.0,Married,0,5,Manager,27024.0
470,201899,0,46.0,0,1,8.0,Others,1,3.0,3.0,Married,0,5,AVP,32861.0
471,201224,0,26.0,0,1,23.0,Small Business,1,5.0,3.0,Married,0,3,Executive,17305.0
472,204758,0,31.0,0,3,17.0,Small Business,1,5.0,3.0,Married,0,1,Manager,25256.0
473,200472,0,37.0,0,1,6.0,Others,0,3.0,4.0,Divorced,0,2,Manager,21447.0
474,203100,1,33.0,0,1,32.0,Others,1,4.0,3.0,Unmarried,1,5,Executive,21473.0
475,204387,0,50.0,0,1,25.0,Others,1,5.0,3.0,Married,1,3,VP,38180.0
476,204375,0,36.0,0,3,7.0,Small Business,0,4.0,3.0,Unmarried,0,4,Manager,23537.0
477,203396,1,32.0,1,3,7.0,Others,0,4.0,4.0,Unmarried,1,5,Executive,20980.0
478,204395,0,35.0,0,1,7.0,Others,1,5.0,3.0,Married,1,1,Executive,22300.0
479,204860,1,41.0,0,1,15.0,Small Business,1,5.0,3.0,Unmarried,1,4,Executive,27772.0
480,200360,0,57.0,0,1,6.0,Small Business,1,3.0,3.0,Divorced,0,3,Manager,21755.0
481,203819,1,33.0,1,1,12.0,Others,0,2.0,3.0,Unmarried,1,1,Executive,21110.0
482,201198,0,33.0,1,3,22.0,Others,0,3.0,3.0,Married,1,1,Manager,20368.0
483,203381,0,40.0,0,1,20.0,Small Business,0,5.0,4.0,Married,1,3,AVP,35801.0
484,201230,0,,0,1,35.0,Small Business,1,3.0,5.0,Married,0,4,Executive,
485,204342,0,48.0,0,1,9.0,Small Business,0,4.0,3.0,Married,0,1,Manager,23748.0
486,204686,0,57.0,1,1,16.0,Small Business,0,4.0,3.0,Married,0,1,Executive,21620.0
487,201548,0,37.0,0,1,13.0,Small Business,1,3.0,3.0,Unmarried,0,1,Senior Manager,28664.0
488,201194,0,47.0,0,3,8.0,Others,0,1.0,4.0,Married,0,1,AVP,30972.0
489,200800,1,28.0,1,1,6.0,Small Business,1,4.0,4.0,Married,0,4,Executive,17596.0
490,204446,0,48.0,0,3,21.0,Small Business,1,4.0,5.0,Unmarried,0,1,Manager,23638.0
491,203053,0,44.0,0,1,21.0,Others,1,4.0,5.0,Divorced,0,5,AVP,35837.0
492,202176,1,40.0,1,3,30.0,Others,0,1.0,4.0,Unmarried,1,3,AVP,28194.0
493,201808,0,30.0,0,3,11.0,Small Business,0,4.0,3.0,Married,0,1,Manager,21118.0
494,201835,0,46.0,1,1,13.0,Small Business,0,3.0,3.0,Married,0,5,Manager,20258.0
495,204026,0,55.0,1,2,33.0,Others,0,2.0,3.0,Unmarried,1,3,AVP,36006.0
496,202894,0,32.0,0,3,9.0,Others,1,4.0,3.0,Unmarried,1,5,Manager,25260.0
497,204424,0,55.0,0,2,26.0,Small Business,1,4.0,4.0,Married,0,3,Senior Manager,29403.0
498,200783,0,,0,1,13.0,Large Business,0,1.0,3.0,Divorced,0,3,Executive,18376.0
499,203365,0,29.0,1,1,7.0,Small Business,1,4.0,3.0,Unmarried,1,4,Executive,20832.0
500,203279,0,36.0,0,2,15.0,Large Business,1,4.0,3.0,Unmarried,0,5,Executive,23001.0
501,203787,0,30.0,0,1,14.0,Others,1,4.0,5.0,Unmarried,0,4,Executive,20740.0
502,200142,0,38.0,0,1,9.0,Large Business,0,3.0,3.0,Unmarried,1,5,Manager,1000.0
503,203181,0,42.0,0,1,14.0,Small Business,0,4.0,3.0,Unmarried,0,3,Manager,23681.0
504,200099,0,44.0,1,1,29.0,Small Business,1,3.0,4.0,Divorced,0,3,Manager,17042.0
505,200769,0,26.0,1,1,6.0,Small Business,0,4.0,3.0,Married,0,2,Executive,17007.0
506,200201,0,49.0,1,1,24.0,Others,1,3.0,3.0,Married,1,2,Manager,21804.0
507,203188,1,38.0,0,1,18.0,Small Business,0,6.0,4.0,Divorced,0,4,Manager,23455.0
508,201913,1,,1,1,10.0,Large Business,1,4.0,3.0,Unmarried,0,5,Executive,
509,202996,0,57.0,0,1,16.0,Small Business,1,4.0,3.0,Divorced,0,4,AVP,29781.0
510,202164,0,33.0,0,1,6.0,Others,0,4.0,3.0,Unmarried,0,4,Manager,21949.0
511,201151,0,28.0,0,1,33.0,Small Business,0,5.0,5.0,Married,0,4,Manager,20208.0
512,201961,0,43.0,1,1,15.0,Small Business,1,3.0,3.0,Married,1,3,Manager,20679.0
513,204350,1,34.0,0,1,17.0,Small Business,1,6.0,3.0,Married,0,5,Executive,22086.0
514,201541,0,29.0,0,1,8.0,Others,1,3.0,4.0,Married,0,4,Executive,17703.0
515,200829,1,33.0,0,3,15.0,Small Business,0,3.0,5.0,Unmarried,1,3,Manager,23224.0
516,202448,0,28.0,0,1,9.0,Small Business,1,4.0,4.0,Divorced,0,5,Executive,22146.0
517,202480,1,51.0,0,3,10.0,Small Business,1,5.0,3.0,Divorced,1,4,Executive,21361.0
518,203704,0,33.0,1,1,12.0,Large Business,1,4.0,4.0,Unmarried,0,3,Executive,21396.0
519,204185,1,48.0,1,1,36.0,Others,1,4.0,4.0,Married,1,3,Senior Manager,30527.0
520,201170,0,27.0,1,1,8.0,Small Business,1,3.0,3.0,Unmarried,0,3,Executive,17580.0
521,203882,1,24.0,1,3,16.0,Small Business,1,4.0,5.0,Married,0,5,Executive,20468.0
522,202997,0,41.0,0,1,9.0,Small Business,0,5.0,3.0,Unmarried,1,3,Executive,21020.0
523,202975,0,33.0,0,1,10.0,Others,0,4.0,3.0,Unmarried,0,2,Senior Manager,29837.0
524,204883,1,49.0,0,3,9.0,Small Business,1,5.0,4.0,Unmarried,1,1,Manager,26576.0
525,203217,0,37.0,0,1,19.0,Small Business,0,5.0,3.0,Unmarried,0,2,Senior Manager,27536.0
526,204388,0,25.0,0,1,30.0,Small Business,1,2.0,3.0,Married,1,4,Executive,21403.0
527,202655,0,31.0,1,1,7.0,Others,1,5.0,3.0,Unmarried,0,5,Senior Manager,27152.0
528,201145,0,36.0,0,1,,Others,0,3.0,3.0,Married,1,1,Manager,19663.0
529,201732,0,32.0,0,1,8.0,Large Business,1,4.0,5.0,Unmarried,0,4,Manager,17176.0
530,200894,0,54.0,0,1,9.0,Others,1,3.0,3.0,Divorced,0,5,AVP,32779.0
531,202386,1,46.0,0,1,28.0,Small Business,1,3.0,3.0,Married,1,5,Manager,33789.0
532,200519,0,29.0,1,1,6.0,Others,1,5.0,3.0,Married,0,2,Executive,17720.0
533,203803,0,35.0,0,3,10.0,Small Business,0,5.0,3.0,Married,1,3,Manager,26781.0
534,204688,0,56.0,1,1,9.0,Small Business,1,5.0,5.0,Unmarried,0,3,AVP,35434.0
535,201872,0,30.0,0,3,18.0,Large Business,0,3.0,3.0,Unmarried,0,1,Manager,21577.0
536,203058,1,27.0,1,1,12.0,Small Business,0,5.0,3.0,Divorced,1,2,Executive,21044.0
537,202447,0,34.0,1,1,10.0,Others,0,4.0,3.0,Divorced,1,5,Executive,21587.0
538,203015,0,27.0,1,1,7.0,Others,0,6.0,3.0,Married,0,4,Executive,23042.0
539,203666,1,25.0,0,2,29.0,Others,1,6.0,3.0,Married,0,1,Executive,20233.0
540,201593,0,51.0,0,1,12.0,Others,1,3.0,3.0,Unmarried,0,5,VP,34537.0
541,200850,0,32.0,1,3,8.0,Others,0,3.0,5.0,Married,0,3,Executive,17827.0
542,202963,0,30.0,1,1,7.0,Others,1,6.0,3.0,Married,0,2,Executive,21398.0
543,202590,0,31.0,0,1,9.0,Small Business,1,5.0,3.0,Unmarried,0,4,Executive,21398.0
544,200801,1,50.0,1,3,,Others,1,3.0,3.0,Unmarried,1,2,Manager,19728.0
545,202867,0,31.0,1,3,29.0,Others,0,4.0,5.0,Divorced,0,2,Senior Manager,27090.0
546,204167,0,43.0,0,1,24.0,Others,0,2.0,5.0,Unmarried,1,1,Manager,25223.0
547,202469,0,54.0,0,1,12.0,Others,0,4.0,3.0,Married,0,5,VP,37772.0
548,204582,0,29.0,0,1,16.0,Small Business,0,4.0,3.0,Married,0,3,Executive,21055.0
549,200839,0,42.0,0,3,10.0,Small Business,1,3.0,5.0,Unmarried,0,5,Manager,20155.0
550,201751,0,42.0,0,3,6.0,Others,1,3.0,3.0,Married,0,3,Manager,19907.0
551,201001,0,,0,1,17.0,Small Business,0,3.0,3.0,Unmarried,0,3,Executive,18629.0
552,203062,0,26.0,0,1,9.0,Small Business,1,2.0,5.0,Unmarried,0,2,Executive,22102.0
553,204001,0,52.0,0,1,16.0,Others,1,4.0,3.0,Married,0,3,Executive,20753.0
554,203263,0,29.0,0,1,9.0,Others,1,5.0,4.0,Divorced,0,2,Executive,21879.0
555,200145,0,30.0,0,1,11.0,Large Business,0,3.0,5.0,Married,0,5,Executive,18204.0
556,204629,0,34.0,1,1,7.0,Others,0,2.0,4.0,Married,1,3,Manager,24166.0
557,203664,0,37.0,0,3,9.0,Others,0,4.0,3.0,Unmarried,0,4,Manager,23180.0
558,200168,0,38.0,0,3,6.0,Others,0,4.0,3.0,Unmarried,0,2,Manager,23686.0
559,203579,0,47.0,0,3,7.0,Others,1,2.0,5.0,Unmarried,0,4,AVP,36245.0
560,202277,0,38.0,0,3,16.0,Small Business,1,4.0,3.0,Married,1,3,Senior Manager,23740.0
561,200579,0,34.0,0,1,,Small Business,0,4.0,5.0,Unmarried,0,2,Executive,
562,202231,1,36.0,0,1,,Others,1,3.0,3.0,Married,0,4,Manager,19834.0
563,201051,0,44.0,1,3,,Small Business,0,3.0,3.0,Divorced,0,4,Manager,19768.0
564,202659,0,42.0,0,3,13.0,Others,0,4.0,3.0,Unmarried,1,2,Senior Manager,32269.0
565,202141,0,34.0,0,1,16.0,Others,1,3.0,4.0,Married,0,1,Executive,17008.0
566,202746,0,29.0,0,1,23.0,Small Business,1,3.0,5.0,Unmarried,0,5,Manager,24339.0
567,204187,0,38.0,0,3,13.0,Small Business,1,4.0,3.0,Married,0,3,Manager,25180.0
568,203711,0,35.0,1,3,17.0,Others,1,4.0,3.0,Married,1,1,Manager,22679.0
569,202805,0,41.0,0,1,17.0,Others,0,3.0,3.0,Divorced,1,3,Executive,20891.0
570,201969,0,33.0,0,3,14.0,Small Business,1,3.0,3.0,Married,0,1,Manager,22104.0
571,201689,0,54.0,0,3,9.0,Small Business,0,3.0,5.0,Married,0,4,Manager,20940.0
572,201003,0,25.0,0,1,6.0,Large Business,1,3.0,3.0,Divorced,0,5,Executive,18229.0
573,200964,0,34.0,0,3,21.0,Small Business,0,3.0,5.0,Unmarried,0,1,Manager,21125.0
574,201756,1,44.0,1,1,30.0,Others,1,3.0,3.0,Married,1,5,Executive,18161.0
575,203699,1,34.0,0,3,23.0,Others,0,4.0,5.0,Unmarried,1,5,Senior Manager,27242.0
576,204471,0,36.0,1,1,9.0,Others,0,4.0,5.0,Married,0,4,Manager,23771.0
577,200406,0,52.0,0,1,9.0,Small Business,1,4.0,3.0,Divorced,1,2,Senior Manager,22969.0
578,202891,0,36.0,0,3,7.0,Small Business,1,4.0,3.0,Divorced,0,3,Manager,23395.0
579,204762,0,36.0,1,1,11.0,Others,1,5.0,3.0,Married,0,1,Executive,21054.0
580,203506,0,45.0,1,1,9.0,Small Business,1,4.0,3.0,Unmarried,1,1,Senior Manager,28887.0
581,203613,0,28.0,0,1,15.0,Small Business,0,2.0,3.0,Married,0,4,Executive,22195.0
582,200390,0,43.0,0,1,18.0,Others,1,4.0,4.0,Married,0,3,AVP,29336.0
583,202871,0,61.0,1,3,35.0,Small Business,0,5.0,5.0,Divorced,0,2,Senior Manager,28944.0
584,202214,1,37.0,0,1,,Small Business,0,5.0,4.0,Married,0,4,Manager,19777.0
585,201886,0,38.0,1,1,8.0,Others,1,3.0,3.0,Married,1,5,Executive,16702.0
586,204435,0,28.0,1,3,10.0,Small Business,0,2.0,3.0,Married,1,1,Manager,23325.0
587,202391,1,28.0,0,1,14.0,Others,0,4.0,4.0,Unmarried,0,4,Executive,17154.0
588,200735,0,48.0,0,1,,Others,1,4.0,3.0,Unmarried,0,2,Manager,
589,201177,0,50.0,0,1,23.0,Others,0,4.0,5.0,Married,0,3,Senior Manager,28269.0
590,202443,1,35.0,0,1,13.0,Others,1,3.0,4.0,Unmarried,1,3,Executive,20363.0
591,202674,0,53.0,0,1,9.0,Others,0,5.0,3.0,Unmarried,0,3,Executive,21890.0
592,200498,0,22.0,0,1,12.0,Small Business,1,3.0,3.0,Divorced,0,2,Executive,17773.0
593,204718,0,49.0,1,1,7.0,Small Business,1,2.0,3.0,Unmarried,0,1,AVP,35563.0
594,200742,0,50.0,0,1,15.0,Others,1,3.0,3.0,Divorced,0,5,Executive,17380.0
595,203833,0,32.0,1,1,7.0,Others,1,6.0,5.0,Married,0,1,Manager,23681.0
596,201139,0,32.0,0,1,11.0,Others,0,1.0,3.0,Married,0,5,Executive,18312.0
597,203983,1,37.0,0,1,16.0,Small Business,1,5.0,3.0,Married,1,1,Executive,22066.0
598,203274,0,42.0,0,1,19.0,Others,1,4.0,3.0,Divorced,1,3,Executive,23444.0
599,204003,1,47.0,0,3,16.0,Small Business,1,5.0,3.0,Unmarried,0,5,Senior Manager,28297.0
600,200868,0,28.0,0,1,25.0,Small Business,1,4.0,5.0,Divorced,0,3,Executive,18196.0
601,203593,0,28.0,0,1,26.0,Others,1,5.0,5.0,Married,0,1,Executive,22744.0
602,204240,0,40.0,1,1,14.0,Small Business,1,5.0,3.0,Married,0,5,VP,37950.0
603,204290,0,52.0,0,3,21.0,Others,0,4.0,3.0,Married,0,3,Manager,23614.0
604,203120,0,36.0,0,1,28.0,Others,0,4.0,3.0,Divorced,1,3,Manager,22692.0
605,201122,0,29.0,0,1,,Small Business,1,3.0,5.0,Unmarried,1,3,Executive,19723.0
606,200001,0,49.0,1,1,14.0,Others,1,4.0,4.0,Divorced,0,3,Manager,20130.0
607,202497,0,36.0,1,1,18.0,Small Business,1,5.0,5.0,Divorced,1,5,Senior Manager,28562.0
608,201916,0,41.0,1,3,16.0,Others,1,3.0,3.0,Unmarried,0,1,Manager,21230.0
609,202656,0,28.0,1,3,27.0,Others,0,4.0,3.0,Unmarried,0,2,Manager,28659.0
610,201495,0,53.0,0,1,11.0,Others,0,3.0,3.0,Married,0,4,VP,34094.0
611,202119,0,53.0,0,1,29.0,Others,0,3.0,3.0,Unmarried,0,5,AVP,29275.0
612,201530,0,32.0,0,1,6.0,Small Business,1,3.0,3.0,Married,1,4,Manager,21162.0
613,202719,0,38.0,1,1,7.0,Small Business,0,4.0,3.0,Married,1,3,Senior Manager,32281.0
614,201420,0,41.0,0,1,6.0,Others,1,3.0,3.0,Married,0,1,Executive,17782.0
615,201565,0,54.0,0,1,8.0,Large Business,0,3.0,3.0,Married,0,4,Senior Manager,28549.0
616,202382,1,26.0,0,1,13.0,Small Business,0,4.0,5.0,Married,1,4,Senior Manager,17875.0
617,200080,0,30.0,0,1,6.0,Others,1,4.0,3.0,Divorced,1,2,Manager,20126.0
618,200932,1,29.0,0,1,13.0,Large Business,0,3.0,3.0,Married,1,4,Executive,18339.0
619,203849,0,32.0,1,1,17.0,Small Business,0,4.0,3.0,Married,0,1,Senior Manager,29709.0
620,203399,0,56.0,0,1,9.0,Small Business,0,6.0,3.0,Divorced,0,4,VP,37865.0
621,204712,1,34.0,0,1,32.0,Small Business,1,5.0,4.0,Unmarried,1,4,Executive,20991.0
622,203221,1,22.0,0,1,17.0,Others,0,5.0,5.0,Unmarried,0,3,Executive,20094.0
623,202708,1,29.0,0,1,9.0,Others,1,4.0,3.0,Unmarried,0,4,Executive,22163.0
624,202249,1,51.0,0,1,10.0,Others,1,3.0,3.0,Married,1,1,Executive,17461.0
625,204468,0,28.0,0,1,14.0,Small Business,0,5.0,5.0,Unmarried,0,3,Manager,25489.0
626,200301,0,18.0,0,3,16.0,Small Business,0,4.0,3.0,Unmarried,0,2,Executive,16200.0
627,204743,1,34.0,0,3,16.0,Small Business,0,4.0,5.0,Unmarried,1,3,Manager,26902.0
628,203674,0,25.0,0,1,36.0,Small Business,1,4.0,5.0,Married,0,4,Executive,22585.0
629,204421,0,30.0,0,3,10.0,Small Business,0,4.0,3.0,Married,0,1,Manager,24239.0
630,204209,0,43.0,1,3,33.0,Small Business,0,4.0,4.0,Married,0,3,AVP,32203.0
631,201737,0,,1,1,11.0,Others,1,1.0,5.0,Married,0,5,Manager,
632,201030,0,31.0,0,3,14.0,Others,1,3.0,3.0,Married,0,3,Senior Manager,25793.0
633,203745,0,59.0,1,3,9.0,Small Business,1,4.0,4.0,Married,0,4,AVP,21383.0
634,202309,0,42.0,0,3,10.0,Small Business,1,3.0,5.0,Unmarried,0,5,Manager,20155.0
635,203442,0,27.0,0,1,9.0,Small Business,1,5.0,3.0,Unmarried,0,3,Executive,22582.0
636,203071,0,53.0,1,1,32.0,Small Business,0,5.0,3.0,Divorced,0,5,AVP,32504.0
637,202893,0,40.0,1,1,15.0,Others,0,4.0,3.0,Divorced,0,2,Executive,22433.0
638,201995,1,24.0,0,3,,Others,0,3.0,3.0,Unmarried,0,1,Manager,19577.0
639,203306,0,45.0,1,1,24.0,Others,1,6.0,3.0,Unmarried,0,4,Executive,20968.0
640,201271,1,21.0,0,3,13.0,Small Business,1,3.0,4.0,Unmarried,0,5,Executive,17679.0
641,202442,1,18.0,0,3,15.0,Small Business,1,3.0,3.0,Unmarried,0,5,Executive,16611.0
642,203942,0,45.0,0,1,14.0,Small Business,0,5.0,3.0,Married,0,4,Senior Manager,28926.0
643,202965,0,28.0,1,3,10.0,Small Business,0,3.0,3.0,Married,1,2,Manager,23325.0
644,201668,0,38.0,0,1,8.0,Others,1,3.0,3.0,Married,0,1,Manager,21553.0
645,200332,0,54.0,1,1,,Others,0,3.0,3.0,Unmarried,0,4,Manager,19869.0
646,201352,0,44.0,0,1,6.0,Others,1,,5.0,Married,0,3,Manager,20033.0
647,203663,0,30.0,0,1,16.0,Small Business,0,4.0,3.0,Married,0,5,Executive,21652.0
648,201582,0,54.0,1,2,32.0,Others,0,1.0,3.0,Unmarried,1,3,AVP,32328.0
649,201387,0,29.0,0,1,6.0,Others,1,3.0,5.0,Married,0,3,Manager,20373.0
650,200101,0,32.0,0,1,6.0,Others,1,3.0,5.0,Unmarried,0,2,Executive,17956.0
651,201110,1,35.0,0,1,8.0,Others,0,3.0,5.0,Married,1,1,Executive,17074.0
652,204245,0,28.0,1,3,7.0,Small Business,1,4.0,4.0,Married,1,1,Manager,25027.0
653,200016,0,32.0,0,1,11.0,Others,1,2.0,4.0,Married,1,2,Executive,18298.0
654,204886,1,19.0,0,3,16.0,Small Business,1,4.0,3.0,Unmarried,0,5,Executive,20289.0
655,202013,0,,1,1,30.0,Small Business,1,5.0,3.0,Unmarried,0,3,Executive,18708.0
656,203681,1,33.0,0,3,7.0,Others,1,6.0,4.0,Unmarried,0,3,Manager,25413.0
657,200781,0,,0,1,6.0,Small Business,1,4.0,5.0,Divorced,0,3,Executive,
658,204090,0,34.0,0,1,9.0,Others,1,4.0,3.0,Unmarried,0,3,Executive,21178.0
659,204030,0,35.0,0,1,12.0,Small Business,0,5.0,5.0,Unmarried,0,1,Senior Manager,30309.0
660,203265,0,50.0,0,3,15.0,Large Business,1,5.0,4.0,Divorced,0,4,AVP,31798.0
661,202478,1,25.0,0,1,7.0,Small Business,1,4.0,3.0,Divorced,1,3,Executive,20971.0
662,200148,0,41.0,0,1,15.0,Others,1,3.0,5.0,Divorced,0,2,Executive,17238.0
663,202482,0,37.0,0,1,12.0,Others,0,5.0,5.0,Divorced,1,2,Executive,98678.0
664,203893,0,33.0,0,1,9.0,Large Business,1,4.0,5.0,Unmarried,0,1,Executive,21117.0
665,201480,0,35.0,0,1,22.0,Small Business,1,1.0,4.0,Married,0,4,Executive,17426.0
666,201282,0,33.0,0,1,14.0,Others,1,1.0,5.0,Married,0,3,Executive,18143.0
667,202959,0,36.0,1,1,10.0,Others,1,,3.0,Divorced,0,2,Executive,19959.0
668,204619,0,40.0,0,3,9.0,Others,1,2.0,3.0,Unmarried,0,1,Senior Manager,26558.0
669,204149,0,44.0,0,3,23.0,Small Business,0,4.0,3.0,Married,1,3,AVP,34742.0
670,201511,0,27.0,0,1,8.0,Others,0,3.0,5.0,Married,0,3,Executive,17341.0
671,202574,0,44.0,1,1,35.0,Small Business,0,3.0,3.0,Unmarried,0,3,Executive,23417.0
672,200896,0,31.0,0,1,30.0,Small Business,0,4.0,5.0,Unmarried,0,5,Manager,21812.0
673,201549,0,46.0,0,2,11.0,Small Business,1,,4.0,Married,1,5,Manager,20021.0
674,201606,1,51.0,1,1,14.0,Others,1,5.0,3.0,Unmarried,0,1,Senior Manager,25650.0
675,200177,1,19.0,0,1,8.0,Others,1,4.0,3.0,Unmarried,0,5,Executive,16102.0
676,200971,0,51.0,0,1,17.0,Large Business,0,4.0,4.0,Unmarried,0,1,AVP,28142.0
677,204550,1,36.0,1,1,32.0,Others,0,4.0,4.0,Married,1,3,Executive,20700.0
678,203758,0,46.0,1,3,9.0,Others,0,4.0,3.0,Married,0,1,Manager,23832.0
679,204705,1,36.0,0,3,11.0,Large Business,1,4.0,5.0,Unmarried,1,4,Senior Manager,28260.0
680,203835,0,39.0,0,3,7.0,Others,1,5.0,5.0,Unmarried,0,3,Executive,21536.0
681,201903,0,46.0,0,3,16.0,Small Business,0,4.0,3.0,Married,1,1,Senior Manager,24071.0
682,201435,0,44.0,0,1,6.0,Small Business,1,3.0,3.0,Unmarried,1,4,Executive,17436.0
683,200573,1,26.0,0,3,14.0,Large Business,1,4.0,5.0,Unmarried,0,3,Manager,20326.0
684,202100,0,22.0,0,1,,Others,1,4.0,3.0,Married,0,1,Manager,19775.0
685,201683,0,51.0,0,1,14.0,Others,1,4.0,4.0,Married,0,3,Senior Manager,27490.0
686,202705,0,39.0,1,3,9.0,Others,1,5.0,3.0,Divorced,0,5,Manager,23927.0
687,200321,0,31.0,0,3,13.0,Small Business,1,3.0,3.0,Married,0,2,Manager,22547.0
688,201859,0,,0,1,16.0,Others,1,3.0,4.0,Unmarried,1,5,Manager,
689,200031,0,44.0,0,1,16.0,Others,1,3.0,3.0,Divorced,1,3,Manager,21465.0
690,202928,0,32.0,0,3,13.0,Small Business,1,3.0,3.0,Married,0,5,Manager,24138.0
691,201777,0,38.0,0,1,31.0,Others,0,4.0,4.0,Married,0,3,Senior Manager,27061.0
692,201365,1,29.0,1,3,30.0,Large Business,1,1.0,5.0,Unmarried,0,3,Executive,16091.0
693,200623,0,,1,1,11.0,Others,1,4.0,3.0,Married,0,5,Executive,
694,204217,0,32.0,0,3,14.0,Large Business,1,2.0,3.0,Married,0,1,Manager,25607.0
695,204016,1,21.0,1,1,13.0,Others,0,5.0,3.0,Unmarried,1,1,Executive,21604.0
696,203777,1,47.0,0,3,17.0,Others,0,4.0,4.0,Married,0,1,Senior Manager,25992.0
697,201861,0,,0,1,8.0,Small Business,0,4.0,3.0,Married,0,5,Manager,18448.0
698,200779,1,51.0,0,1,10.0,Others,1,3.0,3.0,Divorced,1,2,Executive,17461.0
699,201222,1,24.0,0,2,28.0,Others,1,5.0,3.0,Married,0,1,Executive,16555.0
700,201279,1,44.0,1,1,6.0,Small Business,1,3.0,4.0,Married,1,3,Executive,17342.0
701,201926,0,31.0,0,3,13.0,Others,1,4.0,3.0,Married,0,3,Senior Manager,26557.0
702,202313,0,26.0,0,1,,Small Business,1,1.0,3.0,Married,0,5,Executive,
703,202188,0,,1,1,29.0,Others,1,3.0,5.0,Married,1,1,Manager,18633.0
704,203175,1,21.0,0,1,18.0,Small Business,0,5.0,5.0,Unmarried,1,3,Executive,21278.0
705,200165,0,50.0,0,1,17.0,Others,0,3.0,4.0,Unmarried,0,5,VP,34926.0
706,202107,0,32.0,1,1,6.0,Others,1,3.0,3.0,Married,0,5,Executive,17314.0
707,202284,0,40.0,0,1,20.0,Small Business,1,4.0,3.0,Unmarried,0,3,VP,34626.0
708,200786,0,27.0,1,1,,Others,1,5.0,3.0,Divorced,0,2,Executive,19621.0
709,200357,1,21.0,1,3,6.0,Large Business,0,4.0,4.0,Unmarried,1,5,Executive,17174.0
710,202905,0,36.0,0,3,7.0,Small Business,0,4.0,3.0,Unmarried,0,4,Manager,23537.0
711,201653,0,,0,1,6.0,Small Business,1,4.0,3.0,Married,0,3,Executive,18690.0
712,203150,1,41.0,1,3,31.0,Others,0,2.0,4.0,Unmarried,1,3,AVP,31872.0
713,203318,0,31.0,0,1,14.0,Others,1,4.0,3.0,Married,0,5,Manager,22169.0
714,200590,0,33.0,0,1,13.0,Small Business,1,3.0,3.0,Divorced,0,4,Senior Manager,26691.0
715,201794,0,30.0,0,1,34.0,Small Business,0,3.0,3.0,Married,0,3,Manager,20775.0
716,200242,0,41.0,0,1,25.0,Others,1,3.0,5.0,Married,0,2,Manager,18072.0
717,200632,0,42.0,1,1,8.0,Small Business,1,3.0,3.0,Unmarried,1,2,Executive,17515.0
718,202811,0,51.0,0,1,17.0,Large Business,1,5.0,3.0,Unmarried,0,5,Senior Manager,29174.0
719,202989,0,31.0,0,3,34.0,Small Business,1,4.0,3.0,Married,0,3,Manager,23982.0
720,202752,0,59.0,1,1,7.0,Others,1,6.0,3.0,Married,1,2,Manager,24338.0
721,200961,0,35.0,1,1,,Others,1,3.0,3.0,Unmarried,1,1,Manager,
722,201502,0,30.0,0,1,15.0,Small Business,1,4.0,3.0,Unmarried,0,4,Executive,17206.0
723,203205,1,37.0,0,1,22.0,Others,1,4.0,3.0,Married,0,4,Manager,23512.0
724,203995,0,36.0,0,1,7.0,Small Business,1,5.0,3.0,Unmarried,0,4,Executive,21537.0
725,200513,1,20.0,0,1,16.0,Small Business,1,3.0,3.0,Unmarried,1,5,Executive,16009.0
726,203165,0,51.0,0,1,31.0,Others,1,4.0,3.0,Divorced,1,4,AVP,32651.0
727,204094,0,32.0,0,1,19.0,Small Business,0,4.0,3.0,Married,1,4,Executive,22607.0
728,203645,1,24.0,0,1,15.0,Small Business,1,5.0,3.0,Unmarried,1,4,Executive,22667.0
729,204318,0,29.0,0,1,24.0,Small Business,1,4.0,5.0,Married,0,1,Manager,23236.0
730,201698,0,35.0,1,3,6.0,Small Business,0,3.0,3.0,Unmarried,0,5,Senior Manager,23789.0
731,203377,0,29.0,0,1,7.0,Large Business,1,4.0,5.0,Unmarried,0,4,Executive,20758.0
732,204344,0,36.0,0,1,29.0,Others,1,6.0,3.0,Unmarried,0,4,Executive,22908.0
733,201158,0,37.0,0,1,25.0,Others,1,3.0,3.0,Married,0,1,Manager,20768.0
734,200009,0,36.0,0,1,33.0,Small Business,1,3.0,3.0,Divorced,0,3,Manager,20237.0
735,202234,0,28.0,0,3,16.0,Small Business,1,3.0,4.0,Married,0,5,Executive,16052.0
736,203858,0,48.0,0,1,32.0,Small Business,1,4.0,3.0,Unmarried,0,3,Senior Manager,27311.0
737,200240,0,39.0,0,1,6.0,Small Business,0,3.0,3.0,Married,0,3,Executive,17232.0
738,204603,1,21.0,0,1,11.0,Large Business,1,4.0,5.0,Unmarried,0,3,Executive,21651.0
739,201372,0,39.0,0,1,15.0,Small Business,1,3.0,5.0,Married,0,4,Manager,20151.0
740,203654,0,34.0,0,1,28.0,Small Business,1,2.0,4.0,Married,0,1,Executive,20706.0
741,201765,0,42.0,1,3,32.0,Small Business,0,3.0,4.0,Married,0,3,AVP,28525.0
742,203476,1,40.0,1,1,9.0,Others,0,5.0,5.0,Unmarried,1,3,Executive,22324.0
743,204802,0,36.0,1,3,15.0,Small Business,0,5.0,3.0,Married,1,5,Senior Manager,29055.0
744,200753,0,39.0,1,1,28.0,Small Business,0,3.0,5.0,Unmarried,1,5,Senior Manager,25880.0
745,203200,0,33.0,1,1,36.0,Small Business,0,4.0,3.0,Unmarried,0,3,Executive,22703.0
746,202768,0,31.0,0,1,35.0,Small Business,0,4.0,3.0,Divorced,0,3,Manager,24453.0
747,204862,1,31.0,0,1,9.0,Others,1,4.0,4.0,Unmarried,0,3,Executive,30594.0
748,202853,0,43.0,1,1,36.0,Others,0,4.0,3.0,Married,0,3,Manager,23234.0
749,201429,0,,0,1,30.0,Others,1,3.0,3.0,Unmarried,0,4,Manager,
750,200923,0,34.0,1,2,,Others,1,4.0,4.0,Divorced,0,5,Manager,19490.0
751,202821,0,37.0,0,1,9.0,Others,0,4.0,3.0,Divorced,0,5,Executive,21221.0
752,200609,0,43.0,0,1,20.0,Others,1,3.0,5.0,Divorced,0,5,AVP,32159.0
753,200897,0,59.0,0,3,9.0,Others,0,4.0,3.0,Unmarried,0,3,Manager,20171.0
754,204275,0,41.0,0,1,17.0,Others,0,2.0,3.0,Married,1,3,Executive,20891.0
755,200857,1,44.0,0,1,16.0,Others,1,3.0,3.0,Unmarried,1,3,Executive,17936.0
756,203747,0,48.0,0,1,11.0,Others,0,5.0,4.0,Married,1,4,Senior Manager,29011.0
757,202239,0,26.0,1,1,6.0,Small Business,0,4.0,3.0,Married,0,1,Executive,17007.0
758,200503,0,34.0,0,1,6.0,Others,1,3.0,3.0,Divorced,0,3,Executive,17691.0
759,202462,0,54.0,0,3,9.0,Others,0,5.0,3.0,Divorced,0,3,AVP,34105.0
760,201371,0,56.0,0,3,17.0,Small Business,0,4.0,5.0,Married,0,5,Manager,20380.0
761,202749,0,37.0,1,1,31.0,Others,0,4.0,4.0,Divorced,0,3,Manager,24352.0
762,204828,1,56.0,1,3,9.0,Others,0,5.0,3.0,Unmarried,0,5,Executive,32255.0
763,203266,0,35.0,1,1,9.0,Others,1,4.0,3.0,Unmarried,0,4,Manager,22711.0
764,204581,1,42.0,0,1,9.0,Others,0,6.0,3.0,Married,1,3,Executive,21456.0
765,204856,1,37.0,0,3,17.0,Small Business,1,5.0,5.0,Married,0,5,Senior Manager,25772.0
766,203545,0,33.0,0,1,12.0,Others,0,5.0,4.0,Married,0,3,Manager,24556.0
767,202160,0,31.0,0,1,18.0,Small Business,0,3.0,3.0,Married,1,4,Manager,20855.0
768,203486,0,45.0,1,1,12.0,Others,1,5.0,3.0,Unmarried,0,1,Executive,21840.0
769,203926,0,32.0,0,1,33.0,Others,1,4.0,3.0,Married,0,3,Executive,21589.0
770,202175,0,39.0,0,3,8.0,Others,1,1.0,3.0,Unmarried,0,1,Senior Manager,22880.0
771,203066,0,33.0,0,3,20.0,Others,1,4.0,3.0,Married,0,2,Manager,23081.0
772,200820,0,35.0,1,3,17.0,Small Business,1,,3.0,Married,0,5,Manager,19968.0
773,202145,0,31.0,0,3,13.0,Others,1,4.0,3.0,Married,0,4,Executive,17329.0
774,203224,1,29.0,1,1,31.0,Large Business,1,5.0,5.0,Unmarried,0,2,Senior Manager,27400.0
775,203598,0,48.0,0,2,33.0,Others,0,4.0,,Married,0,4,VP,38336.0
776,201197,0,20.0,0,3,15.0,Others,1,3.0,5.0,Unmarried,0,1,Executive,17728.0
777,203001,0,36.0,1,1,9.0,Others,0,4.0,5.0,Married,0,4,Manager,23771.0
778,201650,0,,0,1,18.0,Small Business,0,3.0,3.0,Married,1,4,Executive,
779,202692,0,38.0,0,1,7.0,Small Business,0,5.0,5.0,Divorced,0,4,Executive,22598.0
780,202778,0,46.0,0,1,15.0,Others,1,4.0,3.0,Divorced,0,3,Manager,22375.0
781,201558,0,,0,1,8.0,Others,1,4.0,3.0,Married,0,4,Manager,
782,201855,1,30.0,1,1,10.0,Large Business,1,3.0,3.0,Unmarried,1,4,Executive,17285.0
783,204699,0,41.0,0,1,27.0,Large Business,1,4.0,3.0,Married,0,3,Senior Manager,29000.0
784,204663,1,53.0,0,3,9.0,Small Business,0,6.0,,Married,0,3,VP,38523.0
785,201143,0,45.0,0,3,,Small Business,1,4.0,5.0,Married,0,3,Manager,
786,203816,0,40.0,0,1,16.0,Small Business,1,4.0,5.0,Married,0,4,Manager,23829.0
787,201432,0,37.0,0,1,16.0,Others,0,1.0,3.0,Married,1,1,Senior Manager,28744.0
788,203933,0,39.0,0,1,9.0,Others,1,4.0,3.0,Unmarried,1,1,Executive,22622.0
789,200412,0,46.0,0,1,,Small Business,0,3.0,3.0,Married,0,5,Manager,19810.0
790,200463,1,26.0,0,1,30.0,Large Business,1,5.0,3.0,Unmarried,1,3,Executive,17340.0
791,202028,0,32.0,1,1,30.0,Others,1,3.0,3.0,Married,0,4,Manager,20309.0
792,201779,0,31.0,0,1,,Large Business,1,3.0,3.0,Married,1,4,Executive,19821.0
793,202137,1,41.0,0,1,8.0,Others,0,5.0,3.0,Married,1,3,Executive,17778.0
794,204664,0,45.0,0,3,35.0,Small Business,0,2.0,3.0,Married,1,1,AVP,31998.0
795,203823,1,28.0,1,2,29.0,Others,0,5.0,4.0,Married,0,1,Executive,21541.0
796,203090,0,54.0,0,3,15.0,Small Business,1,4.0,3.0,Divorced,0,3,AVP,30514.0
797,200175,0,56.0,0,1,,Others,0,3.0,5.0,Married,1,4,Executive,
798,201236,1,36.0,0,3,19.0,Small Business,1,4.0,5.0,Married,1,1,Manager,21134.0
799,201807,0,,0,1,15.0,Others,1,4.0,3.0,Unmarried,0,1,Executive,
800,201580,0,51.0,1,1,6.0,Small Business,0,4.0,5.0,Unmarried,0,1,Senior Manager,22484.0
801,202824,0,25.0,0,3,17.0,Small Business,0,4.0,3.0,Married,1,2,Manager,22938.0
802,201434,0,,1,3,126.0,Others,1,3.0,3.0,Married,0,1,Executive,18482.0
803,202210,0,,0,1,16.0,Others,1,3.0,3.0,Married,0,5,Executive,
804,202832,0,43.0,0,1,7.0,Others,0,4.0,5.0,Married,0,3,Executive,21254.0
805,204773,0,30.0,0,1,22.0,Others,0,6.0,3.0,Married,1,5,Executive,20846.0
806,202649,1,30.0,0,3,34.0,Small Business,0,4.0,3.0,Divorced,0,3,Senior Manager,26317.0
807,203624,0,37.0,0,1,14.0,Others,1,4.0,4.0,Unmarried,0,1,Executive,20691.0
808,200526,0,39.0,0,1,,Large Business,0,4.0,3.0,Unmarried,0,2,Manager,19553.0
809,204432,0,39.0,0,3,14.0,Small Business,0,5.0,3.0,Unmarried,0,1,Manager,22706.0
810,201791,0,31.0,0,3,13.0,Small Business,1,3.0,3.0,Married,0,1,Manager,22547.0
811,201353,1,34.0,1,1,22.0,Large Business,1,5.0,5.0,Married,1,3,Executive,17307.0
812,204874,1,42.0,0,1,15.0,Small Business,0,4.0,5.0,Married,1,3,Executive,22781.0
813,204391,0,51.0,1,2,10.0,Small Business,1,4.0,4.0,Married,0,1,VP,36878.0
814,200956,0,56.0,0,2,14.0,Others,1,3.0,4.0,Unmarried,0,4,VP,34717.0
815,202881,0,31.0,0,3,14.0,Small Business,1,4.0,4.0,Unmarried,0,2,Executive,21661.0
816,200199,0,38.0,0,1,35.0,Large Business,1,3.0,3.0,Divorced,0,2,Manager,21261.0
817,204158,0,46.0,0,1,7.0,Others,1,2.0,3.0,Married,0,4,VP,37880.0
818,201447,0,36.0,1,3,21.0,Small Business,1,5.0,3.0,Married,0,1,Manager,20406.0
819,202843,0,32.0,0,1,7.0,Others,1,5.0,5.0,Divorced,0,4,Executive,20896.0
820,200012,0,31.0,0,1,32.0,Others,1,3.0,3.0,Married,0,3,Executive,17911.0
821,200637,0,32.0,1,1,6.0,Others,1,3.0,3.0,Married,0,5,Executive,17314.0
822,200745,0,55.0,1,1,24.0,Small Business,1,3.0,4.0,Divorced,1,5,Manager,21385.0
823,204022,0,26.0,0,1,14.0,Small Business,1,5.0,3.0,Married,0,1,Executive,21567.0
824,204349,1,34.0,0,1,22.0,Small Business,1,4.0,3.0,Married,1,5,Senior Manager,32288.0
825,202267,1,26.0,0,1,27.0,Small Business,1,3.0,3.0,Married,0,5,Executive,17377.0
826,200067,0,45.0,0,1,13.0,Others,1,3.0,5.0,Married,0,3,Senior Manager,24724.0
827,202150,0,36.0,0,1,,Others,1,3.0,3.0,Unmarried,0,3,Executive,19678.0
828,201475,0,32.0,1,1,8.0,Others,1,3.0,3.0,Unmarried,0,3,Executive,18068.0
829,201575,0,59.0,1,2,8.0,Others,0,4.0,3.0,Married,0,1,VP,33844.0
830,203093,0,54.0,0,1,30.0,Others,0,4.0,3.0,Unmarried,0,5,AVP,32953.0
831,201402,0,31.0,0,1,8.0,Small Business,0,5.0,3.0,Married,1,5,Executive,16129.0
832,201521,1,,0,1,11.0,Large Business,1,3.0,3.0,Unmarried,1,1,Executive,18441.0
833,204299,1,31.0,1,1,11.0,Large Business,1,4.0,3.0,Unmarried,1,4,Executive,20963.0
834,204015,0,33.0,0,1,7.0,Others,1,4.0,5.0,Unmarried,0,1,Executive,21634.0
835,200424,0,57.0,0,3,35.0,Small Business,1,4.0,3.0,Married,0,3,AVP,29118.0
836,200819,0,28.0,0,1,8.0,Others,1,4.0,4.0,Divorced,0,2,Executive,18201.0
837,201100,0,35.0,0,3,34.0,Others,0,4.0,3.0,Married,0,4,Executive,17430.0
838,204024,0,52.0,1,1,7.0,Small Business,0,5.0,5.0,Unmarried,0,1,Senior Manager,26162.0
839,201328,0,,0,3,29.0,Small Business,0,4.0,3.0,Married,0,1,Manager,18540.0
840,201634,0,27.0,1,1,9.0,Small Business,1,4.0,3.0,Married,1,1,Executive,17566.0
841,202686,0,42.0,0,1,26.0,Others,1,4.0,5.0,Married,0,2,Manager,21750.0
842,203424,1,32.0,1,3,9.0,Others,0,5.0,3.0,Unmarried,0,5,Executive,21463.0
843,204223,0,32.0,0,1,12.0,Large Business,1,4.0,3.0,Married,1,4,Executive,23499.0
844,202756,0,32.0,0,1,9.0,Others,1,4.0,3.0,Married,1,4,Executive,21373.0
845,204295,0,31.0,0,3,9.0,Large Business,1,4.0,4.0,Married,0,3,Executive,21154.0
846,204354,1,35.0,1,2,30.0,Others,0,4.0,5.0,Married,1,3,Senior Manager,28628.0
847,200308,0,58.0,1,1,6.0,Others,1,5.0,3.0,Married,1,2,Manager,20660.0
848,201018,0,36.0,0,1,10.0,Others,1,4.0,3.0,Unmarried,0,5,Manager,20810.0
849,201168,0,,1,1,8.0,Large Business,0,3.0,3.0,Unmarried,1,3,Executive,
850,202279,0,28.0,0,1,9.0,Small Business,0,3.0,4.0,Married,0,4,Senior Manager,22655.0
851,203457,0,31.0,0,3,14.0,Small Business,0,4.0,5.0,Married,0,3,Manager,23457.0
852,201422,0,35.0,0,1,17.0,Small Business,1,3.0,3.0,Married,1,5,Executive,17660.0
853,200534,0,53.0,0,1,13.0,Others,1,2.0,3.0,Divorced,0,2,AVP,29814.0
854,202986,0,39.0,0,1,7.0,Others,0,4.0,3.0,Unmarried,1,2,Senior Manager,26539.0
855,201261,0,38.0,0,1,24.0,Small Business,1,5.0,3.0,Married,1,5,Manager,20811.0
856,201630,0,22.0,0,1,25.0,Small Business,1,3.0,3.0,Married,0,1,Executive,17323.0
857,200768,0,40.0,0,3,32.0,Small Business,1,3.0,5.0,Divorced,0,2,Manager,23396.0
858,201830,0,57.0,0,1,6.0,Small Business,1,3.0,3.0,Married,0,3,Manager,21755.0
859,202648,1,39.0,0,1,36.0,Small Business,1,4.0,5.0,Divorced,1,3,Manager,25351.0
860,202020,0,23.0,0,1,15.0,Small Business,1,3.0,5.0,Married,0,3,Executive,17500.0
861,200738,0,39.0,0,1,6.0,Others,0,4.0,3.0,Divorced,0,3,AVP,27742.0
862,201407,0,24.0,0,1,,Others,1,4.0,3.0,Unmarried,0,3,Manager,19617.0
863,203665,0,46.0,1,1,7.0,Others,1,5.0,3.0,Married,0,1,Senior Manager,29426.0
864,203103,0,29.0,0,3,12.0,Small Business,1,4.0,3.0,Unmarried,0,3,Manager,23586.0
865,201149,0,,0,1,25.0,Others,1,4.0,5.0,Married,0,1,Executive,
866,201981,0,36.0,0,1,15.0,Small Business,1,4.0,4.0,Married,1,4,Manager,23847.0
867,204858,1,29.0,0,1,14.0,Others,1,4.0,5.0,Unmarried,1,3,Executive,25352.0
868,203668,0,27.0,0,1,24.0,Small Business,1,6.0,3.0,Married,0,3,Executive,20983.0
869,204525,0,36.0,0,1,14.0,Others,1,4.0,3.0,Unmarried,0,3,Senior Manager,28899.0
870,204774,1,23.0,1,1,10.0,Others,1,5.0,3.0,Married,1,3,Executive,21531.0
871,201111,1,53.0,0,1,8.0,Large Business,0,4.0,3.0,Married,0,5,Senior Manager,25169.0
872,201579,0,22.0,0,1,21.0,Small Business,0,3.0,3.0,Unmarried,0,1,Executive,17871.0
873,204257,0,30.0,0,3,17.0,Small Business,0,5.0,4.0,Married,1,5,Manager,26946.0
874,200577,0,37.0,0,1,16.0,Others,0,3.0,5.0,Married,1,3,Executive,17782.0
875,201166,0,48.0,1,1,10.0,Small Business,1,4.0,3.0,Married,0,5,AVP,30202.0
876,204279,0,47.0,1,1,14.0,Small Business,0,4.0,3.0,Married,0,5,Manager,23936.0
877,202666,0,38.0,1,1,18.0,Others,1,4.0,3.0,Married,1,3,Senior Manager,30863.0
878,200667,1,41.0,0,1,8.0,Others,0,5.0,3.0,Married,1,3,Executive,17778.0
879,202135,0,47.0,0,3,8.0,Others,0,4.0,3.0,Unmarried,1,1,Executive,18294.0
880,203557,0,33.0,1,1,7.0,Large Business,1,4.0,5.0,Married,0,4,Manager,22765.0
881,201998,1,50.0,1,3,14.0,Large Business,1,3.0,3.0,Married,1,5,Manager,21796.0
882,202848,0,29.0,0,1,24.0,Small Business,1,4.0,5.0,Married,0,2,Manager,23236.0
883,201988,0,,0,3,13.0,Small Business,0,4.0,3.0,Unmarried,0,1,Manager,
884,201929,0,41.0,1,1,8.0,Others,0,4.0,3.0,Unmarried,1,1,Manager,21811.0
885,200187,0,55.0,0,1,20.0,Small Business,1,2.0,4.0,Unmarried,0,2,VP,33722.0
886,200418,0,26.0,0,1,29.0,Others,0,3.0,3.0,Married,0,3,Executive,17886.0
887,203883,0,37.0,0,3,10.0,Small Business,0,5.0,3.0,Married,0,3,Senior Manager,26322.0
888,201228,0,41.0,1,2,10.0,Others,1,5.0,4.0,Married,0,5,Manager,21430.0
889,200853,0,19.0,0,1,15.0,Others,1,3.0,5.0,Unmarried,0,3,Executive,17552.0
890,200459,0,41.0,1,1,8.0,Others,0,4.0,3.0,Unmarried,1,2,Manager,21811.0
891,200775,0,43.0,0,3,31.0,Small Business,1,4.0,3.0,Married,0,4,Senior Manager,25798.0
892,202942,0,23.0,0,1,13.0,Small Business,1,4.0,3.0,Divorced,0,2,Executive,21451.0
893,204168,0,30.0,0,3,27.0,Small Business,1,4.0,3.0,Married,0,1,Manager,25609.0
894,203013,0,37.0,1,3,15.0,Others,1,5.0,5.0,Unmarried,0,2,Senior Manager,26265.0
895,200133,0,41.0,0,3,15.0,Others,1,3.0,3.0,Married,1,2,Senior Manager,23189.0
896,203494,0,43.0,1,1,16.0,Small Business,0,4.0,3.0,Unmarried,0,4,Executive,22351.0
897,204720,0,53.0,0,1,6.0,Others,1,4.0,4.0,Unmarried,0,3,Senior Manager,29123.0
898,203298,0,46.0,0,1,14.0,Small Business,0,4.0,3.0,Divorced,1,3,Executive,23155.0
899,201099,0,45.0,0,1,6.0,Large Business,1,3.0,4.0,Married,0,3,Senior Manager,22441.0
900,204376,0,35.0,0,3,28.0,Others,1,2.0,3.0,Unmarried,0,3,Manager,24015.0
901,201137,0,22.0,1,1,32.0,Others,0,4.0,3.0,Married,1,3,Executive,17814.0
902,201388,0,32.0,1,1,21.0,Small Business,0,3.0,3.0,Married,0,3,Manager,21667.0
903,200106,0,50.0,1,1,6.0,Others,0,3.0,4.0,Divorced,1,2,VP,33172.0
904,201848,1,34.0,1,3,25.0,Small Business,1,1.0,3.0,Unmarried,1,1,Manager,20304.0
905,200135,0,36.0,0,1,12.0,Small Business,1,,4.0,Married,0,4,Manager,19941.0
906,200039,0,33.0,1,3,6.0,Others,0,2.0,5.0,Divorced,0,3,Manager,20376.0
907,202248,0,46.0,0,1,,Others,0,4.0,5.0,Married,1,1,Manager,19615.0
908,202510,0,37.0,1,1,18.0,Others,1,5.0,4.0,Unmarried,0,4,Manager,25177.0
909,202170,1,58.0,0,1,8.0,Large Business,1,3.0,3.0,Unmarried,0,1,Executive,17479.0
910,201595,0,26.0,0,1,12.0,Others,0,4.0,4.0,Married,0,3,Executive,17368.0
911,202941,0,45.0,0,1,10.0,Others,1,4.0,3.0,Divorced,1,2,VP,38191.0
912,202060,0,33.0,0,1,13.0,Small Business,1,3.0,3.0,Married,0,4,Senior Manager,26691.0
913,200477,0,50.0,1,2,9.0,Small Business,1,3.0,4.0,Divorced,0,2,VP,33200.0
914,203537,0,43.0,1,1,9.0,Others,1,4.0,3.0,Married,1,3,Senior Manager,28802.0
915,200838,1,42.0,1,3,18.0,Others,1,3.0,5.0,Unmarried,1,5,AVP,28758.0
916,200607,1,49.0,0,3,17.0,Small Business,0,3.0,3.0,Divorced,0,4,Senior Manager,22654.0
917,202589,0,31.0,0,1,12.0,Large Business,0,4.0,5.0,Married,0,5,Executive,21882.0
918,201390,1,28.0,0,1,23.0,Large Business,1,4.0,3.0,Married,0,3,Executive,17367.0
919,200909,0,19.0,0,1,31.0,Others,0,1.0,3.0,Unmarried,1,5,Executive,17994.0
920,200919,0,59.0,0,1,24.0,Small Business,1,3.0,3.0,Unmarried,0,3,Senior Manager,25512.0
921,204271,1,22.0,1,3,7.0,Large Business,0,5.0,4.0,Unmarried,1,5,Executive,20852.0
922,200975,1,55.0,0,3,19.0,Small Business,1,1.0,3.0,Unmarried,1,3,AVP,28695.0
923,202441,1,51.0,0,3,16.0,Others,0,3.0,4.0,Married,0,1,Senior Manager,28142.0
924,203865,0,48.0,1,1,7.0,Small Business,0,4.0,4.0,Married,0,5,Senior Manager,30635.0
925,200062,0,50.0,0,1,13.0,Small Business,0,4.0,3.0,Married,1,4,VP,33740.0
926,202111,0,32.0,1,3,11.0,Others,1,3.0,4.0,Married,0,3,Manager,21524.0
927,202006,0,60.0,0,3,22.0,Small Business,1,3.0,5.0,Unmarried,0,4,Manager,20405.0
928,203311,0,51.0,1,1,9.0,Small Business,0,4.0,5.0,Divorced,0,3,AVP,36534.0
929,202594,0,41.0,1,1,33.0,Small Business,0,4.0,4.0,Married,0,2,Manager,24283.0
930,202056,0,24.0,1,1,15.0,Others,1,4.0,4.0,Married,0,5,Executive,17694.0
931,200501,0,30.0,1,1,9.0,Small Business,0,3.0,3.0,Married,0,3,Executive,17083.0
932,204679,0,39.0,1,1,10.0,Others,1,4.0,3.0,Married,0,3,Executive,21499.0
933,204014,1,38.0,0,2,13.0,Others,1,4.0,5.0,Married,1,1,Executive,20751.0
934,204004,0,41.0,1,1,7.0,Others,1,5.0,4.0,Married,0,1,AVP,32181.0
935,200087,0,51.0,0,1,15.0,Others,1,3.0,3.0,Divorced,0,3,Executive,17075.0
936,203149,0,40.0,0,3,9.0,Others,1,2.0,3.0,Unmarried,0,2,Senior Manager,26558.0
937,202555,1,35.0,1,1,14.0,Others,1,6.0,3.0,Unmarried,1,5,Manager,24752.0
938,202545,0,33.0,0,1,7.0,Others,1,4.0,5.0,Unmarried,0,2,Executive,21634.0
939,202519,0,32.0,0,1,15.0,Others,0,4.0,3.0,Unmarried,0,5,Manager,23102.0
940,201658,0,34.0,1,1,8.0,Others,1,4.0,3.0,Married,0,4,Manager,24547.0
941,204752,1,43.0,1,3,19.0,Others,1,4.0,5.0,Unmarried,1,5,AVP,32436.0
942,200197,0,42.0,1,1,27.0,Small Business,0,3.0,3.0,Married,0,2,Manager,20265.0
943,203019,0,55.0,0,1,26.0,Small Business,0,4.0,5.0,Married,1,3,Manager,24163.0
944,202457,0,35.0,0,1,26.0,Small Business,1,4.0,3.0,Married,0,3,Executive,21339.0
945,203441,1,28.0,0,1,24.0,Others,0,4.0,3.0,Unmarried,1,5,Executive,21072.0
946,203473,0,41.0,1,1,16.0,Others,1,4.0,3.0,Married,0,3,Manager,22653.0
947,203991,0,46.0,0,1,13.0,Others,1,4.0,5.0,Married,1,3,Senior Manager,31923.0
948,203616,0,30.0,0,3,17.0,Small Business,1,5.0,3.0,Unmarried,0,4,Manager,24547.0
949,203405,0,36.0,1,1,11.0,Others,1,4.0,3.0,Unmarried,1,1,Manager,22927.0
950,203332,0,36.0,1,3,15.0,Small Business,0,5.0,3.0,Divorced,1,5,Senior Manager,29055.0
951,200979,0,34.0,0,1,35.0,Small Business,1,3.0,3.0,Divorced,0,3,Manager,20429.0
952,204043,0,50.0,0,1,27.0,Small Business,0,4.0,5.0,Married,0,1,Manager,25245.0
953,203195,0,51.0,1,3,7.0,Others,0,4.0,3.0,Divorced,0,2,Manager,25025.0
954,203403,0,41.0,0,1,9.0,Others,1,4.0,3.0,Unmarried,0,3,Manager,23339.0
955,203257,1,40.0,1,1,9.0,Others,1,4.0,3.0,Married,0,3,AVP,30847.0
956,201214,0,44.0,0,1,8.0,Others,0,1.0,3.0,Married,1,4,Senior Manager,22879.0
957,204584,0,28.0,0,1,11.0,Others,0,4.0,3.0,Unmarried,0,1,Executive,20996.0
958,201199,0,36.0,0,1,32.0,Others,1,3.0,3.0,Married,0,3,Manager,20347.0
959,202083,0,,0,2,9.0,Others,1,3.0,3.0,Married,0,1,Executive,
960,204242,0,34.0,1,3,17.0,Small Business,1,5.0,3.0,Unmarried,0,3,Manager,23360.0
961,204551,0,33.0,1,1,7.0,Others,1,4.0,3.0,Married,0,5,Executive,20992.0
962,201673,0,40.0,0,1,25.0,Small Business,1,3.0,3.0,Married,1,1,Manager,17741.0
963,204154,0,40.0,0,1,7.0,Small Business,0,4.0,3.0,Married,0,3,Executive,20910.0
964,203057,0,35.0,0,2,10.0,Others,1,4.0,3.0,Divorced,0,2,Executive,22415.0
965,203554,1,36.0,0,1,9.0,Others,0,4.0,5.0,Married,1,1,Executive,20752.0
966,200423,0,30.0,1,3,28.0,Others,0,3.0,5.0,Divorced,0,2,Senior Manager,23412.0
967,203797,1,35.0,1,1,23.0,Large Business,1,6.0,5.0,Married,1,3,Executive,20985.0
968,200635,0,35.0,0,1,15.0,Others,0,4.0,3.0,Divorced,1,4,Senior Manager,25685.0
969,200381,0,30.0,0,3,8.0,Large Business,1,3.0,4.0,Divorced,0,3,Executive,17476.0
970,204784,0,36.0,0,3,24.0,Others,1,4.0,5.0,Married,1,3,Manager,27644.0
971,203629,0,44.0,0,1,22.0,Others,1,5.0,3.0,Married,0,3,AVP,36281.0
972,204831,1,35.0,0,1,24.0,Others,0,4.0,3.0,Unmarried,1,5,Executive,23216.0
973,202069,0,36.0,0,2,19.0,Others,1,3.0,4.0,Married,0,3,Executive,17143.0
974,201394,0,32.0,0,1,11.0,Others,1,4.0,3.0,Unmarried,0,1,Manager,24679.0
975,204274,0,58.0,0,1,7.0,Small Business,1,4.0,3.0,Married,0,3,Manager,25433.0
976,204801,0,43.0,1,1,33.0,Small Business,0,4.0,5.0,Married,1,3,Senior Manager,31869.0
977,203997,0,39.0,1,1,13.0,Small Business,0,6.0,3.0,Married,1,1,Manager,24007.0
978,202790,0,42.0,0,1,13.0,Small Business,1,5.0,4.0,Unmarried,1,3,Manager,24710.0
979,203689,0,25.0,1,2,17.0,Small Business,1,4.0,3.0,Married,0,4,Executive,20823.0
980,203671,0,32.0,0,1,9.0,Others,1,4.0,3.0,Married,0,5,Executive,22155.0
981,200448,0,40.0,0,1,12.0,Others,0,3.0,3.0,Unmarried,0,5,AVP,28237.0
982,202748,0,40.0,0,1,7.0,Small Business,1,3.0,3.0,Married,0,3,Senior Manager,28291.0
983,201075,0,32.0,0,1,16.0,Small Business,1,3.0,3.0,Unmarried,0,1,Senior Manager,26244.0
984,200491,0,43.0,1,1,15.0,Small Business,1,3.0,3.0,Married,1,3,Manager,20679.0
985,202757,0,34.0,1,1,12.0,Others,0,4.0,4.0,Divorced,0,3,Senior Manager,30556.0
986,203837,0,28.0,0,3,16.0,Small Business,1,4.0,3.0,Unmarried,0,1,Manager,22783.0
987,201950,1,30.0,1,3,18.0,Others,1,4.0,5.0,Married,0,5,Executive,17033.0
988,202435,1,,0,2,26.0,Small Business,0,3.0,4.0,Married,1,3,Executive,18669.0
989,200362,0,21.0,1,3,15.0,Small Business,1,3.0,3.0,Unmarried,0,4,Executive,17610.0
990,204642,0,55.0,0,1,24.0,Large Business,0,4.0,3.0,Married,0,5,Senior Manager,29417.0
991,204011,0,29.0,1,3,11.0,Small Business,1,4.0,3.0,Married,0,1,Manager,22899.0
992,202366,0,31.0,0,1,30.0,Small Business,0,4.0,5.0,Unmarried,0,5,Manager,21812.0
993,202303,0,27.0,0,1,12.0,Others,1,4.0,3.0,Married,0,1,Executive,17539.0
994,201193,0,38.0,1,1,8.0,Small Business,0,4.0,4.0,Unmarried,0,1,Executive,17440.0
995,204079,0,51.0,0,1,18.0,Others,0,4.0,,Unmarried,0,5,VP,38604.0
996,203379,0,33.0,0,3,15.0,Small Business,1,2.0,3.0,Divorced,0,5,Manager,24887.0
997,200223,0,38.0,0,3,9.0,Others,1,3.0,3.0,Married,0,2,Senior Manager,25609.0
998,200715,0,33.0,1,1,6.0,Others,0,1.0,4.0,Divorced,1,3,Manager,20488.0
999,203330,0,31.0,0,1,7.0,Small Business,1,4.0,4.0,Divorced,1,4,Executive,22257.0
